{"type":"internal","split":{"type":"continuous","featureIndex":7,"threshold":1.6358802153090868}}
{"type":"internal","split":{"type":"continuous","featureIndex":8,"threshold":1.7353628859012782}}
{"type":"internal","split":{"type":"continuous","featureIndex":6,"threshold":1.1811135314847139}}
{"type":"internal","split":{"numCategories":10,"isLeft":false,"featureIndex":4,"categories":[1.0,2.0,5.0,6.0,8.0],"type":"categorical"}}
{"type":"internal","split":{"type":"continuous","featureIndex":7,"threshold":0.8383886103459071}}
{"type":"leaf","values":[87.59948883637942]}
{"type":"leaf","values":[100.27344014715136]}
{"type":"internal","split":{"type":"continuous","featureIndex":8,"threshold":1.1490916406643599}}
{"type":"leaf","values":[103.29089722424847]}
{"type":"leaf","values":[132.24223087231192]}
{"type":"internal","split":{"numCategories":10,"isLeft":false,"featureIndex":4,"categories":[1.0,2.0,5.0,6.0,8.0],"type":"categorical"}}
{"type":"internal","split":{"type":"continuous","featureIndex":11,"threshold":3.0269808910591496}}
{"type":"leaf","values":[131.11285017579675]}
{"type":"leaf","values":[170.29337031403776]}
{"type":"internal","split":{"type":"continuous","featureIndex":5,"threshold":3.1052107177008006}}
{"type":"leaf","values":[180.14290343486715]}
{"type":"leaf","values":[244.53724770642202]}
{"type":"internal","split":{"type":"continuous","featureIndex":5,"threshold":3.1052107177008006}}
{"type":"internal","split":{"numCategories":3,"isLeft":false,"featureIndex":0,"categories":[0.0],"type":"categorical"}}
{"type":"internal","split":{"type":"continuous","featureIndex":7,"threshold":0.404880353288999}}
{"type":"leaf","values":[119.62753036437248]}
{"type":"leaf","values":[110.0534420289855]}
{"type":"internal","split":{"type":"continuous","featureIndex":11,"threshold":2.0721060099704904}}
{"type":"leaf","values":[162.18069831306394]}
{"type":"leaf","values":[207.75967313183025]}
{"type":"internal","split":{"type":"continuous","featureIndex":8,"threshold":3.494176621612033}}
{"type":"internal","split":{"type":"continuous","featureIndex":7,"threshold":0.3680730484445445}}
{"type":"leaf","values":[290.0648821646785]}
{"type":"leaf","values":[232.94009216589862]}
{"type":"internal","split":{"type":"continuous","featureIndex":5,"threshold":5.175351196168001}}
{"type":"leaf","values":[345.48968363136174]}
{"type":"leaf","values":[447.76824583866835]}
{"type":"internal","split":{"numCategories":10,"isLeft":false,"featureIndex":4,"categories":[1.0,2.0,5.0,6.0,7.0],"type":"categorical"}}
{"type":"internal","split":{"type":"continuous","featureIndex":6,"threshold":2.3622270629694277}}
{"type":"internal","split":{"type":"continuous","featureIndex":6,"threshold":1.1811135314847139}}
{"type":"internal","split":{"type":"continuous","featureIndex":8,"threshold":0.9380339923790693}}
{"type":"leaf","values":[104.39012345679012]}
{"type":"leaf","values":[143.5148338607595]}
{"type":"internal","split":{"type":"continuous","featureIndex":8,"threshold":1.7353628859012782}}
{"type":"leaf","values":[172.92686969131967]}
{"type":"leaf","values":[232.68826619964975]}
{"type":"internal","split":{"type":"continuous","featureIndex":11,"threshold":3.1370529234613005}}
{"type":"internal","split":{"type":"continuous","featureIndex":5,"threshold":4.140280956934401}}
{"type":"leaf","values":[257.8902821316614]}
{"type":"leaf","values":[367.0598591549296]}
{"type":"internal","split":{"type":"continuous","featureIndex":5,"threshold":4.140280956934401}}
{"type":"leaf","values":[304.61761297798375]}
{"type":"leaf","values":[402.380073800738]}
{"type":"internal","split":{"type":"continuous","featureIndex":6,"threshold":2.3622270629694277}}
{"type":"internal","split":{"type":"continuous","featureIndex":8,"threshold":1.8760679847581385}}
{"type":"internal","split":{"numCategories":3,"isLeft":false,"featureIndex":0,"categories":[0.0],"type":"categorical"}}
{"type":"leaf","values":[105.35272988505747]}
{"type":"leaf","values":[182.07216949900683]}
{"type":"internal","split":{"type":"continuous","featureIndex":11,"threshold":2.0721060099704904}}
{"type":"leaf","values":[193.85122254455035]}
{"type":"leaf","values":[282.9057214825477]}
{"type":"internal","split":{"type":"continuous","featureIndex":5,"threshold":4.140280956934401}}
{"type":"internal","split":{"type":"continuous","featureIndex":11,"threshold":3.1370529234613005}}
{"type":"leaf","values":[336.968121968122]}
{"type":"leaf","values":[399.1090487238979]}
{"type":"internal","split":{"type":"continuous","featureIndex":5,"threshold":6.210421435401601}}
{"type":"leaf","values":[430.8378378378378]}
{"type":"leaf","values":[503.1704918032787]}
