{"type":"internal","split":{"type":"continuous","featureIndex":8,"threshold":1.7353628859012782}}
{"type":"internal","split":{"type":"continuous","featureIndex":11,"threshold":2.0721060099704904}}
{"type":"internal","split":{"type":"continuous","featureIndex":7,"threshold":0.8383886103459071}}
{"type":"internal","split":{"type":"continuous","featureIndex":8,"threshold":0.9380339923790693}}
{"type":"internal","split":{"numCategories":10,"isLeft":false,"featureIndex":4,"categories":[1.0,2.0,5.0,6.0,8.0],"type":"categorical"}}
{"type":"leaf","values":[84.9529210607364]}
{"type":"leaf","values":[101.46526572842362]}
{"type":"internal","split":{"numCategories":10,"isLeft":false,"featureIndex":4,"categories":[1.0,2.0,5.0,6.0,8.0],"type":"categorical"}}
{"type":"leaf","values":[113.30628009630819]}
{"type":"leaf","values":[129.2626180034193]}
{"type":"internal","split":{"numCategories":3,"isLeft":false,"featureIndex":0,"categories":[0.0],"type":"categorical"}}
{"type":"internal","split":{"numCategories":10,"isLeft":false,"featureIndex":4,"categories":[1.0,2.0,5.0,6.0,8.0],"type":"categorical"}}
{"type":"leaf","values":[83.20157907722674]}
{"type":"leaf","values":[98.12960672767747]}
{"type":"internal","split":{"numCategories":10,"isLeft":false,"featureIndex":4,"categories":[1.0,2.0,5.0,6.0],"type":"categorical"}}
{"type":"leaf","values":[108.45675706690128]}
{"type":"leaf","values":[150.95883280757099]}
{"type":"internal","split":{"type":"continuous","featureIndex":9,"threshold":0.0}}
{"type":"internal","split":{"type":"continuous","featureIndex":6,"threshold":2.3622270629694277}}
{"type":"internal","split":{"numCategories":10,"isLeft":false,"featureIndex":4,"categories":[1.0,2.0,5.0,6.0,8.0],"type":"categorical"}}
{"type":"leaf","values":[147.70135517799352]}
{"type":"leaf","values":[203.89473684210526]}
{"type":"internal","split":{"type":"continuous","featureIndex":6,"threshold":3.5433405944541416}}
{"type":"leaf","values":[203.88804291399896]}
{"type":"leaf","values":[272.9865681665547]}
{"type":"internal","split":{"type":"continuous","featureIndex":7,"threshold":1.6358802153090868}}
{"type":"internal","split":{"type":"continuous","featureIndex":6,"threshold":3.5433405944541416}}
{"type":"leaf","values":[132.3756128128571]}
{"type":"leaf","values":[197.65207193119625]}
{"type":"internal","split":{"type":"continuous","featureIndex":5,"threshold":3.1052107177008006}}
{"type":"leaf","values":[156.77267373380448]}
{"type":"leaf","values":[239.52180685358255]}
{"type":"internal","split":{"type":"continuous","featureIndex":8,"threshold":3.494176621612033}}
{"type":"internal","split":{"type":"continuous","featureIndex":11,"threshold":2.0721060099704904}}
{"type":"internal","split":{"type":"continuous","featureIndex":8,"threshold":2.2981832813287197}}
{"type":"internal","split":{"numCategories":3,"isLeft":false,"featureIndex":0,"categories":[0.0],"type":"categorical"}}
{"type":"leaf","values":[113.28108465608466]}
{"type":"leaf","values":[159.29824208940232]}
{"type":"internal","split":{"numCategories":3,"isLeft":false,"featureIndex":0,"categories":[0.0],"type":"categorical"}}
{"type":"leaf","values":[117.80021367521367]}
{"type":"leaf","values":[177.4217357310399]}
{"type":"internal","split":{"type":"continuous","featureIndex":6,"threshold":2.3622270629694277}}
{"type":"internal","split":{"type":"continuous","featureIndex":12,"threshold":10.959305553807711}}
{"type":"leaf","values":[202.75913856616606]}
{"type":"leaf","values":[228.34956011730205]}
{"type":"internal","split":{"type":"continuous","featureIndex":8,"threshold":2.2981832813287197}}
{"type":"leaf","values":[246.67211235310978]}
{"type":"leaf","values":[303.11166064295224]}
{"type":"internal","split":{"type":"continuous","featureIndex":11,"threshold":2.6664949849421054}}
{"type":"internal","split":{"numCategories":3,"isLeft":false,"featureIndex":0,"categories":[0.0],"type":"categorical"}}
{"type":"internal","split":{"type":"continuous","featureIndex":12,"threshold":11.542247338584717}}
{"type":"leaf","values":[124.84482758620689]}
{"type":"leaf","values":[169.5679012345679]}
{"type":"internal","split":{"type":"continuous","featureIndex":11,"threshold":2.0721060099704904}}
{"type":"leaf","values":[195.1414772727273]}
{"type":"leaf","values":[285.3761319534282]}
{"type":"internal","split":{"type":"continuous","featureIndex":6,"threshold":3.5433405944541416}}
{"type":"internal","split":{"numCategories":10,"isLeft":true,"featureIndex":4,"categories":[0.0,5.0,7.0,9.0],"type":"categorical"}}
{"type":"leaf","values":[341.35564853556485]}
{"type":"leaf","values":[386.6270531400966]}
{"type":"internal","split":{"type":"continuous","featureIndex":5,"threshold":7.245491674635201}}
{"type":"leaf","values":[438.5479296653432]}
{"type":"leaf","values":[557.444089456869]}
