{"type":"internal","split":{"type":"continuous","featureIndex":11,"threshold":2.0721060099704904}}
{"type":"internal","split":{"type":"continuous","featureIndex":8,"threshold":1.1490916406643599}}
{"type":"internal","split":{"numCategories":10,"isLeft":false,"featureIndex":4,"categories":[1.0,2.0,5.0,6.0,8.0],"type":"categorical"}}
{"type":"internal","split":{"numCategories":10,"isLeft":true,"featureIndex":4,"categories":[4.0],"type":"categorical"}}
{"type":"internal","split":{"type":"continuous","featureIndex":7,"threshold":2.4538203229636304}}
{"type":"leaf","values":[68.6163118748397]}
{"type":"leaf","values":[130.95]}
{"type":"internal","split":{"type":"continuous","featureIndex":7,"threshold":0.8383886103459071}}
{"type":"leaf","values":[86.66268687005343]}
{"type":"leaf","values":[99.42163885936128]}
{"type":"internal","split":{"type":"continuous","featureIndex":9,"threshold":0.0}}
{"type":"internal","split":{"numCategories":7,"isLeft":true,"featureIndex":2,"categories":[0.0,1.0,2.0],"type":"categorical"}}
{"type":"leaf","values":[111.01217923897356]}
{"type":"leaf","values":[261.0]}
{"type":"internal","split":{"numCategories":3,"isLeft":false,"featureIndex":0,"categories":[0.0],"type":"categorical"}}
{"type":"leaf","values":[83.4477662264681]}
{"type":"leaf","values":[125.46221976197066]}
{"type":"internal","split":{"numCategories":10,"isLeft":false,"featureIndex":4,"categories":[1.0,2.0,5.0,6.0],"type":"categorical"}}
{"type":"internal","split":{"type":"continuous","featureIndex":7,"threshold":1.6358802153090868}}
{"type":"internal","split":{"numCategories":3,"isLeft":false,"featureIndex":0,"categories":[0.0],"type":"categorical"}}
{"type":"leaf","values":[99.23001095290252]}
{"type":"leaf","values":[128.49271465199175]}
{"type":"internal","split":{"type":"continuous","featureIndex":8,"threshold":1.7353628859012782}}
{"type":"leaf","values":[132.06187050359713]}
{"type":"leaf","values":[164.60301263362487]}
{"type":"internal","split":{"type":"continuous","featureIndex":7,"threshold":1.6358802153090868}}
{"type":"internal","split":{"numCategories":3,"isLeft":false,"featureIndex":0,"categories":[0.0],"type":"categorical"}}
{"type":"leaf","values":[105.16040781648259]}
{"type":"leaf","values":[157.28990948364535]}
{"type":"internal","split":{"type":"continuous","featureIndex":8,"threshold":2.2981832813287197}}
{"type":"leaf","values":[159.0158532794529]}
{"type":"leaf","values":[202.7147510469986]}
{"type":"internal","split":{"type":"continuous","featureIndex":5,"threshold":3.1052107177008006}}
{"type":"internal","split":{"type":"continuous","featureIndex":9,"threshold":2.1408047942431017}}
{"type":"internal","split":{"type":"continuous","featureIndex":8,"threshold":1.7353628859012782}}
{"type":"internal","split":{"numCategories":10,"isLeft":false,"featureIndex":4,"categories":[1.0,2.0,5.0,6.0,8.0],"type":"categorical"}}
{"type":"leaf","values":[127.71132105943153]}
{"type":"leaf","values":[176.48490914690484]}
{"type":"internal","split":{"type":"continuous","featureIndex":7,"threshold":1.6358802153090868}}
{"type":"leaf","values":[202.07492598496927]}
{"type":"leaf","values":[234.83874373185537]}
{"type":"internal","split":{"type":"continuous","featureIndex":8,"threshold":1.8760679847581385}}
{"type":"internal","split":{"numCategories":10,"isLeft":false,"featureIndex":4,"categories":[1.0,2.0,6.0],"type":"categorical"}}
{"type":"leaf","values":[183.88594594594593]}
{"type":"leaf","values":[218.8478561549101]}
{"type":"internal","split":{"type":"continuous","featureIndex":8,"threshold":3.494176621612033}}
{"type":"leaf","values":[260.33917050691247]}
{"type":"leaf","values":[332.27463312368974]}
{"type":"internal","split":{"type":"continuous","featureIndex":8,"threshold":3.494176621612033}}
{"type":"internal","split":{"type":"continuous","featureIndex":5,"threshold":4.140280956934401}}
{"type":"internal","split":{"numCategories":10,"isLeft":false,"featureIndex":4,"categories":[1.0,2.0,5.0,6.0],"type":"categorical"}}
{"type":"leaf","values":[201.8416676425811]}
{"type":"leaf","values":[260.0414321450907]}
{"type":"internal","split":{"type":"continuous","featureIndex":5,"threshold":6.210421435401601}}
{"type":"leaf","values":[287.72583906186816]}
{"type":"leaf","values":[364.83311081441923]}
{"type":"internal","split":{"type":"continuous","featureIndex":11,"threshold":2.6664949849421054}}
{"type":"internal","split":{"type":"continuous","featureIndex":9,"threshold":2.6760059928038773}}
{"type":"leaf","values":[306.33868501529054]}
{"type":"leaf","values":[390.8]}
{"type":"internal","split":{"type":"continuous","featureIndex":11,"threshold":3.1370529234613005}}
{"type":"leaf","values":[391.8319256756757]}
{"type":"leaf","values":[449.35584184806754]}
