{
  "op": "random_forest_regression",
  "attributes": {
    "num_features": {
      "type": "long",
      "value": 13
    },
    "tree_weights": {
      "type": {
        "type": "list",
        "base": "double"
      },
      "value": [1.0, 1.0, 1.0, 1.0, 1.0, 1.0, 1.0, 1.0, 1.0, 1.0, 1.0, 1.0, 1.0, 1.0, 1.0, 1.0, 1.0, 1.0, 1.0, 1.0]
    },
    "trees": {
      "type": {
        "type": "list",
        "base": "string"
      },
      "value": ["tree0", "tree1", "tree2", "tree3", "tree4", "tree5", "tree6", "tree7", "tree8", "tree9", "tree10", "tree11", "tree12", "tree13", "tree14", "tree15", "tree16", "tree17", "tree18", "tree19"]
    }
  }
}