{"type":"internal","split":{"type":"continuous","featureIndex":8,"threshold":1.7353628859012782}}
{"type":"internal","split":{"type":"continuous","featureIndex":6,"threshold":1.1811135314847139}}
{"type":"internal","split":{"numCategories":3,"isLeft":false,"featureIndex":0,"categories":[0.0],"type":"categorical"}}
{"type":"internal","split":{"type":"continuous","featureIndex":9,"threshold":2.1408047942431017}}
{"type":"internal","split":{"type":"continuous","featureIndex":10,"threshold":0.03573238821550585}}
{"type":"leaf","values":[85.11971830985915]}
{"type":"leaf","values":[80.06386852794247]}
{"type":"internal","split":{"type":"continuous","featureIndex":12,"threshold":11.192482267718514}}
{"type":"leaf","values":[97.61499364675984]}
{"type":"leaf","values":[111.19782732990281]}
{"type":"internal","split":{"numCategories":10,"isLeft":false,"featureIndex":4,"categories":[1.0,2.0,5.0,6.0,8.0],"type":"categorical"}}
{"type":"internal","split":{"type":"continuous","featureIndex":7,"threshold":0.8383886103459071}}
{"type":"leaf","values":[94.62066480497252]}
{"type":"leaf","values":[108.24166213169556]}
{"type":"internal","split":{"type":"continuous","featureIndex":6,"threshold":0.0}}
{"type":"leaf","values":[129.8132113105714]}
{"type":"leaf","values":[143.74045442897412]}
{"type":"internal","split":{"type":"continuous","featureIndex":5,"threshold":3.1052107177008006}}
{"type":"internal","split":{"type":"continuous","featureIndex":8,"threshold":1.1490916406643599}}
{"type":"internal","split":{"numCategories":10,"isLeft":false,"featureIndex":4,"categories":[1.0,2.0,5.0,6.0,8.0],"type":"categorical"}}
{"type":"leaf","values":[124.06153898259161]}
{"type":"leaf","values":[182.31772406847935]}
{"type":"internal","split":{"type":"continuous","featureIndex":7,"threshold":1.6358802153090868}}
{"type":"leaf","values":[151.78592347661785]}
{"type":"leaf","values":[181.58174719375305]}
{"type":"internal","split":{"type":"continuous","featureIndex":5,"threshold":4.140280956934401}}
{"type":"internal","split":{"type":"continuous","featureIndex":11,"threshold":3.0269808910591496}}
{"type":"leaf","values":[182.26374690627355]}
{"type":"leaf","values":[207.70110969619793]}
{"type":"internal","split":{"type":"continuous","featureIndex":7,"threshold":2.0407605685980856}}
{"type":"leaf","values":[253.7705223880597]}
{"type":"leaf","values":[334.83096085409255]}
{"type":"internal","split":{"type":"continuous","featureIndex":6,"threshold":2.3622270629694277}}
{"type":"internal","split":{"type":"continuous","featureIndex":6,"threshold":1.1811135314847139}}
{"type":"internal","split":{"type":"continuous","featureIndex":8,"threshold":2.2981832813287197}}
{"type":"internal","split":{"numCategories":10,"isLeft":false,"featureIndex":4,"categories":[1.0,5.0],"type":"categorical"}}
{"type":"leaf","values":[146.95042253521126]}
{"type":"leaf","values":[162.7632743362832]}
{"type":"internal","split":{"numCategories":3,"isLeft":false,"featureIndex":0,"categories":[0.0],"type":"categorical"}}
{"type":"leaf","values":[124.78803869832893]}
{"type":"leaf","values":[182.67006802721087]}
{"type":"internal","split":{"type":"continuous","featureIndex":9,"threshold":2.6760059928038773}}
{"type":"internal","split":{"numCategories":10,"isLeft":false,"featureIndex":4,"categories":[1.0,2.0,5.0,6.0],"type":"categorical"}}
{"type":"leaf","values":[209.44378698224853]}
{"type":"leaf","values":[237.04707033373194]}
{"type":"internal","split":{"numCategories":7,"isLeft":true,"featureIndex":2,"categories":[1.0,2.0],"type":"categorical"}}
{"type":"leaf","values":[260.0126050420168]}
{"type":"leaf","values":[324.8575380359613]}
{"type":"internal","split":{"type":"continuous","featureIndex":8,"threshold":3.494176621612033}}
{"type":"internal","split":{"type":"continuous","featureIndex":8,"threshold":2.2981832813287197}}
{"type":"internal","split":{"type":"continuous","featureIndex":9,"threshold":2.1408047942431017}}
{"type":"leaf","values":[236.6274319066148]}
{"type":"leaf","values":[298.4350797266515]}
{"type":"internal","split":{"type":"continuous","featureIndex":7,"threshold":2.0448502691363584}}
{"type":"leaf","values":[297.1270754925836]}
{"type":"leaf","values":[364.7014925373134]}
{"type":"internal","split":{"type":"continuous","featureIndex":5,"threshold":5.175351196168001}}
{"type":"internal","split":{"type":"continuous","featureIndex":6,"threshold":3.5433405944541416}}
{"type":"leaf","values":[359.273607748184]}
{"type":"leaf","values":[420.205078125]}
{"type":"internal","split":{"numCategories":10,"isLeft":false,"featureIndex":4,"categories":[0.0,1.0,2.0,5.0,6.0],"type":"categorical"}}
{"type":"leaf","values":[405.0086956521739]}
{"type":"leaf","values":[483.94081211286993]}
