{"type":"internal","split":{"type":"continuous","featureIndex":5,"threshold":3.1052107177008006}}
{"type":"internal","split":{"type":"continuous","featureIndex":8,"threshold":1.3836001387591272}}
{"type":"internal","split":{"numCategories":3,"isLeft":false,"featureIndex":0,"categories":[0.0],"type":"categorical"}}
{"type":"internal","split":{"numCategories":10,"isLeft":false,"featureIndex":4,"categories":[1.0,2.0,5.0,6.0,8.0],"type":"categorical"}}
{"type":"internal","split":{"type":"continuous","featureIndex":10,"threshold":0.03573238821550585}}
{"type":"leaf","values":[78.96980614170526]}
{"type":"leaf","values":[74.74065382484274]}
{"type":"internal","split":{"numCategories":10,"isLeft":true,"featureIndex":4,"categories":[1.0,5.0,8.0],"type":"categorical"}}
{"type":"leaf","values":[84.59356038363671]}
{"type":"leaf","values":[90.57253921976954]}
{"type":"internal","split":{"numCategories":7,"isLeft":false,"featureIndex":2,"categories":[0.0,3.0,4.0],"type":"categorical"}}
{"type":"internal","split":{"numCategories":10,"isLeft":false,"featureIndex":4,"categories":[1.0,2.0,5.0,6.0,8.0],"type":"categorical"}}
{"type":"leaf","values":[100.5746876471729]}
{"type":"leaf","values":[141.58728242277894]}
{"type":"internal","split":{"type":"continuous","featureIndex":11,"threshold":2.0721060099704904}}
{"type":"leaf","values":[110.10328290433937]}
{"type":"leaf","values":[141.5283940446066]}
{"type":"internal","split":{"type":"continuous","featureIndex":8,"threshold":2.2981832813287197}}
{"type":"internal","split":{"type":"continuous","featureIndex":11,"threshold":2.0721060099704904}}
{"type":"internal","split":{"numCategories":10,"isLeft":false,"featureIndex":4,"categories":[1.0,5.0],"type":"categorical"}}
{"type":"leaf","values":[135.56812963327428]}
{"type":"leaf","values":[156.85432766615148]}
{"type":"internal","split":{"type":"continuous","featureIndex":9,"threshold":1.6056035956823265}}
{"type":"leaf","values":[172.9187325069972]}
{"type":"leaf","values":[209.16964877402253]}
{"type":"internal","split":{"type":"continuous","featureIndex":6,"threshold":1.1811135314847139}}
{"type":"internal","split":{"numCategories":3,"isLeft":false,"featureIndex":0,"categories":[0.0],"type":"categorical"}}
{"type":"leaf","values":[121.6083608360836]}
{"type":"leaf","values":[180.6717519069651]}
{"type":"internal","split":{"numCategories":10,"isLeft":false,"featureIndex":4,"categories":[1.0,2.0,6.0],"type":"categorical"}}
{"type":"leaf","values":[217.49889807162535]}
{"type":"leaf","values":[255.7541156606163]}
{"type":"internal","split":{"type":"continuous","featureIndex":8,"threshold":2.2981832813287197}}
{"type":"internal","split":{"type":"continuous","featureIndex":9,"threshold":0.0}}
{"type":"internal","split":{"numCategories":3,"isLeft":false,"featureIndex":0,"categories":[0.0],"type":"categorical"}}
{"type":"internal","split":{"type":"continuous","featureIndex":8,"threshold":1.1490916406643599}}
{"type":"leaf","values":[84.3847637415622]}
{"type":"leaf","values":[137.74271844660194]}
{"type":"internal","split":{"type":"continuous","featureIndex":8,"threshold":0.0}}
{"type":"leaf","values":[246.73124059342078]}
{"type":"leaf","values":[209.6617238183503]}
{"type":"internal","split":{"type":"continuous","featureIndex":6,"threshold":1.1811135314847139}}
{"type":"internal","split":{"numCategories":3,"isLeft":false,"featureIndex":0,"categories":[0.0],"type":"categorical"}}
{"type":"leaf","values":[83.4923698384201]}
{"type":"leaf","values":[137.65646731571627]}
{"type":"internal","split":{"type":"continuous","featureIndex":11,"threshold":3.0269808910591496}}
{"type":"leaf","values":[177.71862068965518]}
{"type":"leaf","values":[217.28887086965335]}
{"type":"internal","split":{"type":"continuous","featureIndex":6,"threshold":2.3622270629694277}}
{"type":"internal","split":{"numCategories":10,"isLeft":false,"featureIndex":4,"categories":[1.0,5.0],"type":"categorical"}}
{"type":"internal","split":{"type":"continuous","featureIndex":8,"threshold":3.494176621612033}}
{"type":"leaf","values":[248.61901550910318]}
{"type":"leaf","values":[294.3785224676314]}
{"type":"internal","split":{"numCategories":3,"isLeft":true,"featureIndex":0,"categories":[1.0],"type":"categorical"}}
{"type":"leaf","values":[123.80555555555556]}
{"type":"leaf","values":[335.265306122449]}
{"type":"internal","split":{"type":"continuous","featureIndex":8,"threshold":3.494176621612033}}
{"type":"internal","split":{"type":"continuous","featureIndex":5,"threshold":4.140280956934401}}
{"type":"leaf","values":[294.68726513569936]}
{"type":"leaf","values":[349.9438267992978]}
{"type":"internal","split":{"type":"continuous","featureIndex":5,"threshold":5.175351196168001}}
{"type":"leaf","values":[390.5089442300947]}
{"type":"leaf","values":[469.59283196239716]}
