{
  "name": "feature_assembler_rf",
  "shape": {
    "inputs": [{
      "name": "room_type_index",
      "port": "input0"
    }, {
      "name": "host_is_superhost_index",
      "port": "input1"
    }, {
      "name": "cancellation_policy_index",
      "port": "input2"
    }, {
      "name": "instant_bookable_index",
      "port": "input3"
    }, {
      "name": "state_index",
      "port": "input4"
    }, {
      "name": "scaled_continuous_features",
      "port": "input5"
    }],
    "outputs": [{
      "name": "features_rf",
      "port": "output"
    }]
  }
}