{"type":"internal","split":{"type":"continuous","featureIndex":6,"threshold":1.1811135314847139}}
{"type":"internal","split":{"numCategories":10,"isLeft":false,"featureIndex":4,"categories":[1.0,2.0,5.0,6.0,8.0],"type":"categorical"}}
{"type":"internal","split":{"type":"continuous","featureIndex":8,"threshold":0.9380339923790693}}
{"type":"internal","split":{"numCategories":10,"isLeft":true,"featureIndex":4,"categories":[4.0],"type":"categorical"}}
{"type":"internal","split":{"numCategories":3,"isLeft":true,"featureIndex":0,"categories":[1.0],"type":"categorical"}}
{"type":"leaf","values":[61.739982190560994]}
{"type":"leaf","values":[69.29297743883063]}
{"type":"internal","split":{"numCategories":3,"isLeft":false,"featureIndex":0,"categories":[0.0],"type":"categorical"}}
{"type":"leaf","values":[75.40863535261023]}
{"type":"leaf","values":[95.69268950479142]}
{"type":"internal","split":{"numCategories":10,"isLeft":true,"featureIndex":4,"categories":[4.0],"type":"categorical"}}
{"type":"internal","split":{"type":"continuous","featureIndex":9,"threshold":1.6056035956823265}}
{"type":"leaf","values":[82.74176408076514]}
{"type":"leaf","values":[117.42424242424242]}
{"type":"internal","split":{"numCategories":3,"isLeft":false,"featureIndex":0,"categories":[0.0],"type":"categorical"}}
{"type":"leaf","values":[99.95944816053512]}
{"type":"leaf","values":[131.67826336975273]}
{"type":"internal","split":{"numCategories":3,"isLeft":false,"featureIndex":0,"categories":[0.0],"type":"categorical"}}
{"type":"internal","split":{"type":"continuous","featureIndex":9,"threshold":2.1408047942431017}}
{"type":"internal","split":{"type":"continuous","featureIndex":8,"threshold":1.1490916406643599}}
{"type":"leaf","values":[84.91940012960163]}
{"type":"leaf","values":[104.16374561842764]}
{"type":"internal","split":{"numCategories":3,"isLeft":true,"featureIndex":0,"categories":[2.0],"type":"categorical"}}
{"type":"leaf","values":[82.05846153846154]}
{"type":"leaf","values":[113.70136581764488]}
{"type":"internal","split":{"type":"continuous","featureIndex":8,"threshold":1.7353628859012782}}
{"type":"internal","split":{"type":"continuous","featureIndex":8,"threshold":1.1490916406643599}}
{"type":"leaf","values":[134.43320230741742]}
{"type":"leaf","values":[147.47338234106147]}
{"type":"internal","split":{"type":"continuous","featureIndex":7,"threshold":2.4538203229636304}}
{"type":"leaf","values":[173.5288420694928]}
{"type":"leaf","values":[222.36027397260273]}
{"type":"internal","split":{"type":"continuous","featureIndex":5,"threshold":3.1052107177008006}}
{"type":"internal","split":{"numCategories":10,"isLeft":false,"featureIndex":4,"categories":[1.0,2.0,6.0,8.0],"type":"categorical"}}
{"type":"internal","split":{"type":"continuous","featureIndex":9,"threshold":2.1408047942431017}}
{"type":"internal","split":{"type":"continuous","featureIndex":8,"threshold":1.7353628859012782}}
{"type":"leaf","values":[128.78561538260576]}
{"type":"leaf","values":[195.45064511114566]}
{"type":"internal","split":{"type":"continuous","featureIndex":7,"threshold":2.0407605685980856}}
{"type":"leaf","values":[189.9746012994684]}
{"type":"leaf","values":[230.77272727272728]}
{"type":"internal","split":{"type":"continuous","featureIndex":8,"threshold":2.2981832813287197}}
{"type":"internal","split":{"type":"continuous","featureIndex":6,"threshold":2.3622270629694277}}
{"type":"leaf","values":[187.9387495224755]}
{"type":"leaf","values":[227.12752391073326]}
{"type":"internal","split":{"type":"continuous","featureIndex":8,"threshold":3.494176621612033}}
{"type":"leaf","values":[239.48236570808464]}
{"type":"leaf","values":[288.92188841201715]}
{"type":"internal","split":{"type":"continuous","featureIndex":6,"threshold":2.3622270629694277}}
{"type":"internal","split":{"type":"continuous","featureIndex":9,"threshold":2.1408047942431017}}
{"type":"internal","split":{"numCategories":10,"isLeft":false,"featureIndex":4,"categories":[1.0,2.0,5.0,6.0,8.0],"type":"categorical"}}
{"type":"leaf","values":[190.00704769260474]}
{"type":"leaf","values":[252.15732586068856]}
{"type":"internal","split":{"type":"continuous","featureIndex":9,"threshold":2.6760059928038773}}
{"type":"leaf","values":[266.43466898954705]}
{"type":"leaf","values":[320.68196202531647]}
{"type":"internal","split":{"type":"continuous","featureIndex":5,"threshold":4.140280956934401}}
{"type":"internal","split":{"numCategories":10,"isLeft":false,"featureIndex":4,"categories":[1.0,2.0,5.0,6.0],"type":"categorical"}}
{"type":"leaf","values":[234.8845813865387]}
{"type":"leaf","values":[334.8024433849821]}
{"type":"internal","split":{"type":"continuous","featureIndex":8,"threshold":3.494176621612033}}
{"type":"leaf","values":[317.03445945945947]}
{"type":"leaf","values":[445.80024410089504]}
