{
  "op": "sparse_vector_assembler",
  "attributes": {
    "field_names": {
      "string": ["long_feature", "double_feature"],
      "type": "list"
    },
    "outputCol": {
      "string": "__assembler_features_col"
    },
    "field_type_bases": {
      "basic_type": ["long", "double"],
      "type": "list"
    },
    "missingNone": {

    },
    "field_type_shapes": {
      "data_shape": [{
        "base": "scalar",
        "isNullable": true
      }, {
        "base": "scalar",
        "isNullable": true
      }],
      "type": "list"
    },
    "missingDoubles": {
      "double": [null],
      "type": "list"
    }
  }
}