{"type":"internal","split":{"type":"continuous","featureIndex":8,"threshold":1.7353628859012782}}
{"type":"internal","split":{"type":"continuous","featureIndex":5,"threshold":3.1052107177008006}}
{"type":"internal","split":{"type":"continuous","featureIndex":11,"threshold":2.0721060099704904}}
{"type":"internal","split":{"numCategories":3,"isLeft":false,"featureIndex":0,"categories":[0.0],"type":"categorical"}}
{"type":"internal","split":{"numCategories":10,"isLeft":false,"featureIndex":4,"categories":[1.0,2.0,6.0,8.0],"type":"categorical"}}
{"type":"leaf","values":[76.25157360923524]}
{"type":"leaf","values":[87.87369819180729]}
{"type":"internal","split":{"type":"continuous","featureIndex":7,"threshold":1.6358802153090868}}
{"type":"leaf","values":[106.95312927149749]}
{"type":"leaf","values":[124.80672268907563]}
{"type":"internal","split":{"numCategories":10,"isLeft":false,"featureIndex":4,"categories":[1.0,2.0,5.0,6.0,8.0],"type":"categorical"}}
{"type":"internal","split":{"numCategories":10,"isLeft":true,"featureIndex":4,"categories":[4.0],"type":"categorical"}}
{"type":"leaf","values":[91.45280510502526]}
{"type":"leaf","values":[134.2703381366814]}
{"type":"internal","split":{"type":"continuous","featureIndex":8,"threshold":0.0}}
{"type":"leaf","values":[197.7280701754386]}
{"type":"leaf","values":[169.48058252427185]}
{"type":"internal","split":{"type":"continuous","featureIndex":6,"threshold":1.1811135314847139}}
{"type":"internal","split":{"type":"continuous","featureIndex":7,"threshold":1.6358802153090868}}
{"type":"internal","split":{"type":"continuous","featureIndex":7,"threshold":0.8383886103459071}}
{"type":"leaf","values":[88.81854889589906]}
{"type":"leaf","values":[102.75913242009132]}
{"type":"internal","split":{"numCategories":3,"isLeft":false,"featureIndex":0,"categories":[0.0],"type":"categorical"}}
{"type":"leaf","values":[122.22009569377991]}
{"type":"leaf","values":[176.43715846994536]}
{"type":"internal","split":{"type":"continuous","featureIndex":8,"threshold":0.0}}
{"type":"internal","split":{"type":"continuous","featureIndex":6,"threshold":2.3622270629694277}}
{"type":"leaf","values":[212.2436503248671]}
{"type":"leaf","values":[282.2464788732394]}
{"type":"internal","split":{"type":"continuous","featureIndex":5,"threshold":4.140280956934401}}
{"type":"leaf","values":[174.91967331748165]}
{"type":"leaf","values":[230.99868507560817]}
{"type":"internal","split":{"type":"continuous","featureIndex":11,"threshold":3.0269808910591496}}
{"type":"internal","split":{"type":"continuous","featureIndex":6,"threshold":1.1811135314847139}}
{"type":"internal","split":{"numCategories":10,"isLeft":false,"featureIndex":4,"categories":[1.0,5.0],"type":"categorical"}}
{"type":"internal","split":{"type":"continuous","featureIndex":12,"threshold":11.075893910763114}}
{"type":"leaf","values":[147.77138364779873]}
{"type":"leaf","values":[162.86481394253414]}
{"type":"internal","split":{"type":"continuous","featureIndex":9,"threshold":2.1408047942431017}}
{"type":"leaf","values":[169.46911615796327]}
{"type":"leaf","values":[196.54607250755288]}
{"type":"internal","split":{"type":"continuous","featureIndex":8,"threshold":3.494176621612033}}
{"type":"internal","split":{"type":"continuous","featureIndex":9,"threshold":2.1408047942431017}}
{"type":"leaf","values":[210.83715562174237]}
{"type":"leaf","values":[255.4536899455176]}
{"type":"internal","split":{"numCategories":10,"isLeft":false,"featureIndex":4,"categories":[1.0,4.0,6.0],"type":"categorical"}}
{"type":"leaf","values":[273.49979466119095]}
{"type":"leaf","values":[349.08600337268126]}
{"type":"internal","split":{"type":"continuous","featureIndex":8,"threshold":3.494176621612033}}
{"type":"internal","split":{"type":"continuous","featureIndex":9,"threshold":2.6760059928038773}}
{"type":"internal","split":{"type":"continuous","featureIndex":9,"threshold":0.0}}
{"type":"leaf","values":[300.3145703611457]}
{"type":"leaf","values":[257.0558089033659]}
{"type":"internal","split":{"type":"continuous","featureIndex":8,"threshold":1.8760679847581385}}
{"type":"leaf","values":[306.5609756097561]}
{"type":"leaf","values":[415.3478260869565]}
{"type":"internal","split":{"type":"continuous","featureIndex":12,"threshold":10.959305553807711}}
{"type":"internal","split":{"type":"continuous","featureIndex":6,"threshold":3.5433405944541416}}
{"type":"leaf","values":[349.726606997559]}
{"type":"leaf","values":[419.048275862069]}
{"type":"internal","split":{"type":"continuous","featureIndex":6,"threshold":3.5433405944541416}}
{"type":"leaf","values":[390.9438202247191]}
{"type":"leaf","values":[474.4595676541233]}
