{"type":"internal","split":{"type":"continuous","featureIndex":8,"threshold":1.7353628859012782}}
{"type":"internal","split":{"type":"continuous","featureIndex":11,"threshold":2.0721060099704904}}
{"type":"internal","split":{"numCategories":10,"isLeft":false,"featureIndex":4,"categories":[1.0,2.0,5.0,6.0,8.0],"type":"categorical"}}
{"type":"internal","split":{"numCategories":10,"isLeft":true,"featureIndex":4,"categories":[4.0],"type":"categorical"}}
{"type":"internal","split":{"type":"continuous","featureIndex":8,"threshold":0.8207797433316856}}
{"type":"leaf","values":[67.78692043503148]}
{"type":"leaf","values":[80.21669106881406]}
{"type":"internal","split":{"numCategories":7,"isLeft":false,"featureIndex":2,"categories":[0.0,3.0,4.0],"type":"categorical"}}
{"type":"leaf","values":[88.86879432624113]}
{"type":"leaf","values":[99.77169309354049]}
{"type":"internal","split":{"type":"continuous","featureIndex":11,"threshold":0.9631302835188204}}
{"type":"internal","split":{"numCategories":10,"isLeft":true,"featureIndex":4,"categories":[2.0,5.0,6.0,8.0],"type":"categorical"}}
{"type":"leaf","values":[119.27420619364955]}
{"type":"leaf","values":[142.31323611890073]}
{"type":"internal","split":{"type":"continuous","featureIndex":7,"threshold":0.8179401076545434}}
{"type":"leaf","values":[105.41172673071812]}
{"type":"leaf","values":[129.33533000554633]}
{"type":"internal","split":{"type":"continuous","featureIndex":8,"threshold":0.0}}
{"type":"internal","split":{"type":"continuous","featureIndex":6,"threshold":2.3622270629694277}}
{"type":"internal","split":{"numCategories":10,"isLeft":false,"featureIndex":4,"categories":[1.0,2.0,5.0,6.0,8.0],"type":"categorical"}}
{"type":"leaf","values":[146.0479510287366]}
{"type":"leaf","values":[211.78371592539455]}
{"type":"internal","split":{"type":"continuous","featureIndex":7,"threshold":2.0407605685980856}}
{"type":"leaf","values":[220.09851851851852]}
{"type":"leaf","values":[345.5260930888575]}
{"type":"internal","split":{"type":"continuous","featureIndex":5,"threshold":3.1052107177008006}}
{"type":"internal","split":{"numCategories":10,"isLeft":false,"featureIndex":4,"categories":[1.0,2.0,5.0,6.0,8.0],"type":"categorical"}}
{"type":"leaf","values":[127.20354486244084]}
{"type":"leaf","values":[170.85255354200987]}
{"type":"internal","split":{"type":"continuous","featureIndex":5,"threshold":4.140280956934401}}
{"type":"leaf","values":[175.27069234773555]}
{"type":"leaf","values":[232.48603723404256]}
{"type":"internal","split":{"type":"continuous","featureIndex":5,"threshold":3.1052107177008006}}
{"type":"internal","split":{"type":"continuous","featureIndex":6,"threshold":1.1811135314847139}}
{"type":"internal","split":{"numCategories":3,"isLeft":false,"featureIndex":0,"categories":[0.0],"type":"categorical"}}
{"type":"internal","split":{"type":"continuous","featureIndex":9,"threshold":2.1408047942431017}}
{"type":"leaf","values":[112.32974717590102]}
{"type":"leaf","values":[133.40767386091127]}
{"type":"internal","split":{"type":"continuous","featureIndex":9,"threshold":2.1408047942431017}}
{"type":"leaf","values":[164.9643642478334]}
{"type":"leaf","values":[192.80232558139534]}
{"type":"internal","split":{"type":"continuous","featureIndex":8,"threshold":2.2981832813287197}}
{"type":"internal","split":{"numCategories":10,"isLeft":true,"featureIndex":4,"categories":[4.0,7.0],"type":"categorical"}}
{"type":"leaf","values":[143.67415730337078]}
{"type":"leaf","values":[192.14477888010762]}
{"type":"internal","split":{"type":"continuous","featureIndex":8,"threshold":3.494176621612033}}
{"type":"leaf","values":[225.9401217305478]}
{"type":"leaf","values":[273.59852109612876]}
{"type":"internal","split":{"type":"continuous","featureIndex":8,"threshold":3.494176621612033}}
{"type":"internal","split":{"type":"continuous","featureIndex":11,"threshold":3.0269808910591496}}
{"type":"internal","split":{"numCategories":3,"isLeft":false,"featureIndex":0,"categories":[0.0],"type":"categorical"}}
{"type":"leaf","values":[134.1161971830986]}
{"type":"leaf","values":[241.858524173028]}
{"type":"internal","split":{"type":"continuous","featureIndex":5,"threshold":4.140280956934401}}
{"type":"leaf","values":[279.89956225680936]}
{"type":"leaf","values":[339.1079754601227]}
{"type":"internal","split":{"type":"continuous","featureIndex":5,"threshold":5.175351196168001}}
{"type":"internal","split":{"type":"continuous","featureIndex":11,"threshold":3.0269808910591496}}
{"type":"leaf","values":[312.5380263984915]}
{"type":"leaf","values":[392.25993150684934]}
{"type":"internal","split":{"type":"continuous","featureIndex":5,"threshold":7.245491674635201}}
{"type":"leaf","values":[451.70034843205576]}
{"type":"leaf","values":[530.5889570552147]}
