{"type":"internal","split":{"type":"continuous","featureIndex":8,"threshold":1.7353628859012782}}
{"type":"internal","split":{"type":"continuous","featureIndex":6,"threshold":1.1811135314847139}}
{"type":"internal","split":{"type":"continuous","featureIndex":9,"threshold":2.1408047942431017}}
{"type":"internal","split":{"numCategories":3,"isLeft":false,"featureIndex":0,"categories":[0.0],"type":"categorical"}}
{"type":"internal","split":{"numCategories":10,"isLeft":false,"featureIndex":4,"categories":[1.0,2.0,5.0,6.0,8.0],"type":"categorical"}}
{"type":"leaf","values":[75.28474772372856]}
{"type":"leaf","values":[86.59917916938466]}
{"type":"internal","split":{"type":"continuous","featureIndex":8,"threshold":1.1490916406643599}}
{"type":"leaf","values":[101.38551294383338]}
{"type":"leaf","values":[132.1296173869928]}
{"type":"internal","split":{"type":"continuous","featureIndex":7,"threshold":2.0407605685980856}}
{"type":"internal","split":{"type":"continuous","featureIndex":8,"threshold":0.9380339923790693}}
{"type":"leaf","values":[113.3837630942788]}
{"type":"leaf","values":[139.68519938650306]}
{"type":"internal","split":{"type":"continuous","featureIndex":8,"threshold":0.8207797433316856}}
{"type":"leaf","values":[131.90504451038575]}
{"type":"leaf","values":[154.60136286201023]}
{"type":"internal","split":{"numCategories":10,"isLeft":false,"featureIndex":4,"categories":[1.0,2.0,5.0,6.0,8.0],"type":"categorical"}}
{"type":"internal","split":{"type":"continuous","featureIndex":11,"threshold":3.0269808910591496}}
{"type":"internal","split":{"numCategories":7,"isLeft":true,"featureIndex":2,"categories":[1.0,2.0],"type":"categorical"}}
{"type":"leaf","values":[127.6280357710291]}
{"type":"leaf","values":[146.70602357049324]}
{"type":"internal","split":{"type":"continuous","featureIndex":5,"threshold":4.140280956934401}}
{"type":"leaf","values":[167.79418462077422]}
{"type":"leaf","values":[275.52644526445266]}
{"type":"internal","split":{"type":"continuous","featureIndex":5,"threshold":3.1052107177008006}}
{"type":"internal","split":{"type":"continuous","featureIndex":8,"threshold":0.0}}
{"type":"leaf","values":[201.2220588235294]}
{"type":"leaf","values":[175.0241758241758]}
{"type":"internal","split":{"type":"continuous","featureIndex":9,"threshold":0.0}}
{"type":"leaf","values":[271.368]}
{"type":"leaf","values":[230.35612321562735]}
{"type":"internal","split":{"type":"continuous","featureIndex":11,"threshold":3.0269808910591496}}
{"type":"internal","split":{"type":"continuous","featureIndex":5,"threshold":2.0701404784672004}}
{"type":"internal","split":{"numCategories":3,"isLeft":false,"featureIndex":0,"categories":[0.0],"type":"categorical"}}
{"type":"internal","split":{"type":"continuous","featureIndex":9,"threshold":2.1408047942431017}}
{"type":"leaf","values":[109.65805658056581]}
{"type":"leaf","values":[139.01776649746193]}
{"type":"internal","split":{"type":"continuous","featureIndex":11,"threshold":2.0721060099704904}}
{"type":"leaf","values":[165.62755910130815]}
{"type":"leaf","values":[204.98509471069247]}
{"type":"internal","split":{"type":"continuous","featureIndex":8,"threshold":2.2981832813287197}}
{"type":"internal","split":{"numCategories":3,"isLeft":false,"featureIndex":0,"categories":[0.0],"type":"categorical"}}
{"type":"leaf","values":[128.8273381294964]}
{"type":"leaf","values":[211.53766828988827]}
{"type":"internal","split":{"type":"continuous","featureIndex":6,"threshold":1.1811135314847139}}
{"type":"leaf","values":[220.9430303030303]}
{"type":"leaf","values":[273.4164962508521]}
{"type":"internal","split":{"type":"continuous","featureIndex":7,"threshold":1.6358802153090868}}
{"type":"internal","split":{"type":"continuous","featureIndex":5,"threshold":4.140280956934401}}
{"type":"internal","split":{"type":"continuous","featureIndex":9,"threshold":2.1408047942431017}}
{"type":"leaf","values":[257.3559457302474]}
{"type":"leaf","values":[326.8764940239044]}
{"type":"internal","split":{"type":"continuous","featureIndex":5,"threshold":6.210421435401601}}
{"type":"leaf","values":[341.15672676837727]}
{"type":"leaf","values":[450.54030874785593]}
{"type":"internal","split":{"type":"continuous","featureIndex":8,"threshold":3.494176621612033}}
{"type":"internal","split":{"type":"continuous","featureIndex":5,"threshold":4.140280956934401}}
{"type":"leaf","values":[298.62412013139374]}
{"type":"leaf","values":[371.25840092699883]}
{"type":"internal","split":{"type":"continuous","featureIndex":6,"threshold":3.5433405944541416}}
{"type":"leaf","values":[387.75537478210344]}
{"type":"leaf","values":[461.12820512820514]}
