{"type":"internal","split":{"type":"continuous","featureIndex":5,"threshold":3.1052107177008006}}
{"type":"internal","split":{"type":"continuous","featureIndex":6,"threshold":1.1811135314847139}}
{"type":"internal","split":{"type":"continuous","featureIndex":7,"threshold":0.8383886103459071}}
{"type":"internal","split":{"type":"continuous","featureIndex":8,"threshold":1.1490916406643599}}
{"type":"internal","split":{"numCategories":3,"isLeft":false,"featureIndex":0,"categories":[0.0],"type":"categorical"}}
{"type":"leaf","values":[79.15085637925134]}
{"type":"leaf","values":[100.91839063681843]}
{"type":"internal","split":{"type":"continuous","featureIndex":8,"threshold":1.7353628859012782}}
{"type":"leaf","values":[124.34912022716901]}
{"type":"leaf","values":[158.76486988847583]}
{"type":"internal","split":{"numCategories":10,"isLeft":false,"featureIndex":4,"categories":[1.0,2.0,5.0,6.0],"type":"categorical"}}
{"type":"internal","split":{"type":"continuous","featureIndex":8,"threshold":1.1490916406643599}}
{"type":"leaf","values":[97.41597820355071]}
{"type":"leaf","values":[133.91064905872437]}
{"type":"internal","split":{"type":"continuous","featureIndex":8,"threshold":1.5008543878065108}}
{"type":"leaf","values":[128.32364039955604]}
{"type":"leaf","values":[172.89489032585266]}
{"type":"internal","split":{"type":"continuous","featureIndex":7,"threshold":1.6358802153090868}}
{"type":"internal","split":{"type":"continuous","featureIndex":8,"threshold":1.7353628859012782}}
{"type":"internal","split":{"numCategories":10,"isLeft":false,"featureIndex":4,"categories":[1.0,2.0,5.0,6.0,8.0],"type":"categorical"}}
{"type":"leaf","values":[126.50316401081517]}
{"type":"leaf","values":[178.65502679876562]}
{"type":"internal","split":{"type":"continuous","featureIndex":5,"threshold":2.0701404784672004}}
{"type":"leaf","values":[201.73878936892635]}
{"type":"leaf","values":[244.7851037851038]}
{"type":"internal","split":{"type":"continuous","featureIndex":6,"threshold":2.3622270629694277}}
{"type":"internal","split":{"type":"continuous","featureIndex":9,"threshold":2.1408047942431017}}
{"type":"leaf","values":[187.31428571428572]}
{"type":"leaf","values":[244.6347237880496]}
{"type":"internal","split":{"numCategories":10,"isLeft":false,"featureIndex":4,"categories":[1.0,2.0,5.0,6.0],"type":"categorical"}}
{"type":"leaf","values":[224.7879788639366]}
{"type":"leaf","values":[309.34530938123754]}
{"type":"internal","split":{"type":"continuous","featureIndex":11,"threshold":2.0721060099704904}}
{"type":"internal","split":{"type":"continuous","featureIndex":8,"threshold":1.7353628859012782}}
{"type":"internal","split":{"type":"continuous","featureIndex":12,"threshold":11.542247338584717}}
{"type":"internal","split":{"type":"continuous","featureIndex":10,"threshold":0.03573238821550585}}
{"type":"leaf","values":[105.21153846153847]}
{"type":"leaf","values":[87.89096376008862]}
{"type":"internal","split":{"type":"continuous","featureIndex":8,"threshold":0.8207797433316856}}
{"type":"leaf","values":[97.2319909245604]}
{"type":"leaf","values":[136.6015625]}
{"type":"internal","split":{"numCategories":3,"isLeft":false,"featureIndex":0,"categories":[0.0],"type":"categorical"}}
{"type":"internal","split":{"type":"continuous","featureIndex":12,"threshold":9.327068556432096}}
{"type":"leaf","values":[117.70833333333333]}
{"type":"leaf","values":[149.54285714285714]}
{"type":"internal","split":{"type":"continuous","featureIndex":8,"threshold":2.2981832813287197}}
{"type":"leaf","values":[181.07142857142858]}
{"type":"leaf","values":[267.4007352941176]}
{"type":"internal","split":{"type":"continuous","featureIndex":8,"threshold":2.3450849809476733}}
{"type":"internal","split":{"type":"continuous","featureIndex":8,"threshold":1.7353628859012782}}
{"type":"internal","split":{"type":"continuous","featureIndex":8,"threshold":0.0}}
{"type":"leaf","values":[245.2700225152782]}
{"type":"leaf","values":[183.1194791002641]}
{"type":"internal","split":{"type":"continuous","featureIndex":7,"threshold":1.6358802153090868}}
{"type":"leaf","values":[249.53241267262388]}
{"type":"leaf","values":[293.1046511627907]}
{"type":"internal","split":{"type":"continuous","featureIndex":11,"threshold":3.0269808910591496}}
{"type":"internal","split":{"type":"continuous","featureIndex":8,"threshold":3.494176621612033}}
{"type":"leaf","values":[260.45417680454176]}
{"type":"leaf","values":[308.53968253968253]}
{"type":"internal","split":{"type":"continuous","featureIndex":5,"threshold":5.175351196168001}}
{"type":"leaf","values":[366.2929539897755]}
{"type":"leaf","values":[449.6641615782057]}
