{"type":"internal","split":{"type":"continuous","featureIndex":8,"threshold":1.7353628859012782}}
{"type":"internal","split":{"numCategories":3,"isLeft":false,"featureIndex":0,"categories":[0.0],"type":"categorical"}}
{"type":"internal","split":{"type":"continuous","featureIndex":9,"threshold":2.1408047942431017}}
{"type":"internal","split":{"type":"continuous","featureIndex":8,"threshold":0.7269763440937786}}
{"type":"internal","split":{"type":"continuous","featureIndex":9,"threshold":0.0}}
{"type":"leaf","values":[81.20380141843971]}
{"type":"leaf","values":[74.97820091051075]}
{"type":"internal","split":{"type":"continuous","featureIndex":7,"threshold":2.0448502691363584}}
{"type":"leaf","values":[94.18016560388313]}
{"type":"leaf","values":[120.11330049261083]}
{"type":"internal","split":{"type":"continuous","featureIndex":8,"threshold":0.9145831425695925}}
{"type":"internal","split":{"type":"continuous","featureIndex":8,"threshold":0.0}}
{"type":"leaf","values":[106.55971594577147]}
{"type":"leaf","values":[93.35860500379076]}
{"type":"internal","split":{"type":"continuous","featureIndex":7,"threshold":2.0407605685980856}}
{"type":"leaf","values":[109.8664047151277]}
{"type":"leaf","values":[139.36690647482015]}
{"type":"internal","split":{"type":"continuous","featureIndex":11,"threshold":2.0721060099704904}}
{"type":"internal","split":{"type":"continuous","featureIndex":8,"threshold":1.1490916406643599}}
{"type":"internal","split":{"type":"continuous","featureIndex":9,"threshold":1.2844828765458611}}
{"type":"leaf","values":[100.03763724299172]}
{"type":"leaf","values":[118.99332418838591]}
{"type":"internal","split":{"type":"continuous","featureIndex":9,"threshold":2.1408047942431017}}
{"type":"leaf","values":[132.26681298658275]}
{"type":"leaf","values":[162.42902042954427]}
{"type":"internal","split":{"type":"continuous","featureIndex":11,"threshold":3.0269808910591496}}
{"type":"internal","split":{"type":"continuous","featureIndex":5,"threshold":3.1052107177008006}}
{"type":"leaf","values":[134.53540778181434]}
{"type":"leaf","values":[186.9759581531033]}
{"type":"internal","split":{"numCategories":10,"isLeft":false,"featureIndex":4,"categories":[1.0,2.0,5.0,6.0],"type":"categorical"}}
{"type":"leaf","values":[180.31337627889351]}
{"type":"leaf","values":[274.78742203742206]}
{"type":"internal","split":{"type":"continuous","featureIndex":11,"threshold":3.0269808910591496}}
{"type":"internal","split":{"type":"continuous","featureIndex":11,"threshold":2.0721060099704904}}
{"type":"internal","split":{"numCategories":3,"isLeft":false,"featureIndex":0,"categories":[0.0],"type":"categorical"}}
{"type":"internal","split":{"numCategories":10,"isLeft":false,"featureIndex":4,"categories":[2.0,4.0,5.0,6.0],"type":"categorical"}}
{"type":"leaf","values":[110.74526572999389]}
{"type":"leaf","values":[137.65079365079364]}
{"type":"internal","split":{"numCategories":10,"isLeft":false,"featureIndex":4,"categories":[1.0,5.0,6.0],"type":"categorical"}}
{"type":"leaf","values":[158.20576923076922]}
{"type":"leaf","values":[182.85558434474294]}
{"type":"internal","split":{"type":"continuous","featureIndex":7,"threshold":1.6358802153090868}}
{"type":"internal","split":{"type":"continuous","featureIndex":5,"threshold":2.0701404784672004}}
{"type":"leaf","values":[197.40498622988838]}
{"type":"leaf","values":[243.78617992177314]}
{"type":"internal","split":{"type":"continuous","featureIndex":12,"threshold":11.075893910763114}}
{"type":"leaf","values":[236.1982456140351]}
{"type":"leaf","values":[263.8743256109172]}
{"type":"internal","split":{"type":"continuous","featureIndex":8,"threshold":3.494176621612033}}
{"type":"internal","split":{"type":"continuous","featureIndex":5,"threshold":4.140280956934401}}
{"type":"internal","split":{"type":"continuous","featureIndex":8,"threshold":2.2981832813287197}}
{"type":"leaf","values":[231.1063596491228]}
{"type":"leaf","values":[283.42173797501994]}
{"type":"internal","split":{"type":"continuous","featureIndex":5,"threshold":6.210421435401601}}
{"type":"leaf","values":[329.02021696252467]}
{"type":"leaf","values":[390.99240506329113]}
{"type":"internal","split":{"numCategories":10,"isLeft":true,"featureIndex":4,"categories":[4.0,7.0,9.0],"type":"categorical"}}
{"type":"internal","split":{"type":"continuous","featureIndex":7,"threshold":1.6358802153090868}}
{"type":"leaf","values":[287.32278481012656]}
{"type":"leaf","values":[379.0769230769231]}
{"type":"internal","split":{"type":"continuous","featureIndex":5,"threshold":4.140280956934401}}
{"type":"leaf","values":[368.8903846153846]}
{"type":"leaf","values":[456.7249589490969]}
