{"type":"internal","split":{"type":"continuous","featureIndex":8,"threshold":1.7353628859012782}}
{"type":"internal","split":{"type":"continuous","featureIndex":11,"threshold":2.0721060099704904}}
{"type":"internal","split":{"type":"continuous","featureIndex":9,"threshold":2.1408047942431017}}
{"type":"internal","split":{"type":"continuous","featureIndex":8,"threshold":0.9380339923790693}}
{"type":"internal","split":{"numCategories":3,"isLeft":false,"featureIndex":0,"categories":[0.0],"type":"categorical"}}
{"type":"leaf","values":[78.8091619626574]}
{"type":"leaf","values":[101.06546891065534]}
{"type":"internal","split":{"numCategories":10,"isLeft":false,"featureIndex":4,"categories":[1.0,5.0,6.0],"type":"categorical"}}
{"type":"leaf","values":[119.30096970184685]}
{"type":"leaf","values":[136.2413491020587]}
{"type":"internal","split":{"type":"continuous","featureIndex":8,"threshold":0.9380339923790693}}
{"type":"internal","split":{"numCategories":3,"isLeft":false,"featureIndex":0,"categories":[0.0],"type":"categorical"}}
{"type":"leaf","values":[100.48536665570536]}
{"type":"leaf","values":[136.17448151487827]}
{"type":"internal","split":{"type":"continuous","featureIndex":8,"threshold":1.1725424904738366}}
{"type":"leaf","values":[138.5007342143906]}
{"type":"leaf","values":[151.7903091060986]}
{"type":"internal","split":{"type":"continuous","featureIndex":6,"threshold":2.3622270629694277}}
{"type":"internal","split":{"type":"continuous","featureIndex":5,"threshold":3.1052107177008006}}
{"type":"internal","split":{"type":"continuous","featureIndex":9,"threshold":2.1408047942431017}}
{"type":"leaf","values":[132.16671273772667]}
{"type":"leaf","values":[182.63956043956043]}
{"type":"internal","split":{"type":"continuous","featureIndex":8,"threshold":0.0}}
{"type":"leaf","values":[208.53720455208637]}
{"type":"leaf","values":[172.508554842652]}
{"type":"internal","split":{"type":"continuous","featureIndex":5,"threshold":4.140280956934401}}
{"type":"internal","split":{"type":"continuous","featureIndex":5,"threshold":3.1052107177008006}}
{"type":"leaf","values":[154.92659560113344]}
{"type":"leaf","values":[206.96668538274378]}
{"type":"internal","split":{"numCategories":10,"isLeft":false,"featureIndex":4,"categories":[1.0,2.0,5.0,6.0],"type":"categorical"}}
{"type":"leaf","values":[275.4527961515334]}
{"type":"leaf","values":[368.0991957104558]}
{"type":"internal","split":{"type":"continuous","featureIndex":6,"threshold":2.3622270629694277}}
{"type":"internal","split":{"type":"continuous","featureIndex":11,"threshold":2.0721060099704904}}
{"type":"internal","split":{"type":"continuous","featureIndex":8,"threshold":2.3450849809476733}}
{"type":"internal","split":{"numCategories":3,"isLeft":false,"featureIndex":0,"categories":[0.0],"type":"categorical"}}
{"type":"leaf","values":[119.1537037037037]}
{"type":"leaf","values":[164.21127049180328]}
{"type":"internal","split":{"type":"continuous","featureIndex":12,"threshold":10.72612883989691}}
{"type":"leaf","values":[164.05812417437252]}
{"type":"leaf","values":[200.20538585209005]}
{"type":"internal","split":{"type":"continuous","featureIndex":9,"threshold":2.6760059928038773}}
{"type":"internal","split":{"type":"continuous","featureIndex":5,"threshold":2.0701404784672004}}
{"type":"leaf","values":[201.7363704256908]}
{"type":"leaf","values":[251.56952915345207]}
{"type":"internal","split":{"type":"continuous","featureIndex":5,"threshold":2.0701404784672004}}
{"type":"leaf","values":[263.28859060402687]}
{"type":"leaf","values":[335.88256227758006]}
{"type":"internal","split":{"type":"continuous","featureIndex":8,"threshold":3.494176621612033}}
{"type":"internal","split":{"type":"continuous","featureIndex":5,"threshold":4.140280956934401}}
{"type":"internal","split":{"type":"continuous","featureIndex":12,"threshold":10.72612883989691}}
{"type":"leaf","values":[243.9925861317052]}
{"type":"leaf","values":[273.17904034375744]}
{"type":"internal","split":{"numCategories":10,"isLeft":false,"featureIndex":4,"categories":[1.0,5.0,6.0],"type":"categorical"}}
{"type":"leaf","values":[327.6683964711988]}
{"type":"leaf","values":[393.8456221198157]}
{"type":"internal","split":{"type":"continuous","featureIndex":5,"threshold":5.175351196168001}}
{"type":"internal","split":{"type":"continuous","featureIndex":6,"threshold":3.5433405944541416}}
{"type":"leaf","values":[361.84095349745996]}
{"type":"leaf","values":[417.04174757281555]}
{"type":"internal","split":{"type":"continuous","featureIndex":12,"threshold":10.609540482941508}}
{"type":"leaf","values":[428.71204188481676]}
{"type":"leaf","values":[482.0449695121951]}
