{"type":"internal","split":{"type":"continuous","featureIndex":8,"threshold":1.7353628859012782}}
{"type":"internal","split":{"type":"continuous","featureIndex":6,"threshold":1.1811135314847139}}
{"type":"internal","split":{"type":"continuous","featureIndex":8,"threshold":0.9380339923790693}}
{"type":"internal","split":{"type":"continuous","featureIndex":8,"threshold":0.7269763440937786}}
{"type":"internal","split":{"type":"continuous","featureIndex":9,"threshold":0.16056035956823264}}
{"type":"leaf","values":[94.26036991940627]}
{"type":"leaf","values":[85.549561852737]}
{"type":"internal","split":{"numCategories":3,"isLeft":false,"featureIndex":0,"categories":[0.0],"type":"categorical"}}
{"type":"leaf","values":[90.35910500664599]}
{"type":"leaf","values":[106.7860310421286]}
{"type":"internal","split":{"type":"continuous","featureIndex":12,"threshold":10.72612883989691}}
{"type":"internal","split":{"numCategories":3,"isLeft":false,"featureIndex":0,"categories":[0.0],"type":"categorical"}}
{"type":"leaf","values":[92.66549295774648]}
{"type":"leaf","values":[123.11203566121843]}
{"type":"internal","split":{"numCategories":3,"isLeft":false,"featureIndex":0,"categories":[0.0],"type":"categorical"}}
{"type":"leaf","values":[103.2094861660079]}
{"type":"leaf","values":[136.61532640500454]}
{"type":"internal","split":{"type":"continuous","featureIndex":11,"threshold":2.6664949849421054}}
{"type":"internal","split":{"numCategories":10,"isLeft":false,"featureIndex":4,"categories":[1.0,2.0,5.0,6.0,8.0],"type":"categorical"}}
{"type":"internal","split":{"type":"continuous","featureIndex":5,"threshold":3.1052107177008006}}
{"type":"leaf","values":[126.7508739365816]}
{"type":"leaf","values":[176.4753329105897]}
{"type":"internal","split":{"type":"continuous","featureIndex":8,"threshold":0.0}}
{"type":"leaf","values":[209.76869350862776]}
{"type":"leaf","values":[180.6266437964551]}
{"type":"internal","split":{"type":"continuous","featureIndex":8,"threshold":0.0}}
{"type":"internal","split":{"numCategories":10,"isLeft":false,"featureIndex":4,"categories":[2.0,5.0,6.0],"type":"categorical"}}
{"type":"leaf","values":[226.75074936592114]}
{"type":"leaf","values":[342.5166374781086]}
{"type":"internal","split":{"type":"continuous","featureIndex":8,"threshold":1.1490916406643599}}
{"type":"leaf","values":[150.16198096885813]}
{"type":"leaf","values":[190.38248356724108]}
{"type":"internal","split":{"type":"continuous","featureIndex":5,"threshold":3.1052107177008006}}
{"type":"internal","split":{"type":"continuous","featureIndex":6,"threshold":1.1811135314847139}}
{"type":"internal","split":{"numCategories":10,"isLeft":false,"featureIndex":4,"categories":[1.0,5.0,6.0],"type":"categorical"}}
{"type":"internal","split":{"type":"continuous","featureIndex":8,"threshold":2.3450849809476733}}
{"type":"leaf","values":[147.7993357617313]}
{"type":"leaf","values":[174.0130890052356]}
{"type":"internal","split":{"numCategories":3,"isLeft":false,"featureIndex":0,"categories":[0.0],"type":"categorical"}}
{"type":"leaf","values":[111.07180851063829]}
{"type":"leaf","values":[183.02875669579927]}
{"type":"internal","split":{"type":"continuous","featureIndex":11,"threshold":3.0269808910591496}}
{"type":"internal","split":{"numCategories":10,"isLeft":false,"featureIndex":4,"categories":[1.0,2.0,6.0],"type":"categorical"}}
{"type":"leaf","values":[190.7242089496349]}
{"type":"leaf","values":[225.01847770808612]}
{"type":"internal","split":{"type":"continuous","featureIndex":7,"threshold":2.0407605685980856}}
{"type":"leaf","values":[235.077243293247]}
{"type":"leaf","values":[288.45299145299145]}
{"type":"internal","split":{"type":"continuous","featureIndex":11,"threshold":3.0269808910591496}}
{"type":"internal","split":{"type":"continuous","featureIndex":8,"threshold":3.494176621612033}}
{"type":"internal","split":{"type":"continuous","featureIndex":6,"threshold":1.1811135314847139}}
{"type":"leaf","values":[178.9903978052126]}
{"type":"leaf","values":[242.98421524663678]}
{"type":"internal","split":{"type":"continuous","featureIndex":6,"threshold":0.0}}
{"type":"leaf","values":[750.0]}
{"type":"leaf","values":[313.1108974358974]}
{"type":"internal","split":{"type":"continuous","featureIndex":7,"threshold":2.0407605685980856}}
{"type":"internal","split":{"type":"continuous","featureIndex":6,"threshold":3.5433405944541416}}
{"type":"leaf","values":[301.2254146227517]}
{"type":"leaf","values":[366.66937669376694]}
{"type":"internal","split":{"type":"continuous","featureIndex":8,"threshold":3.494176621612033}}
{"type":"leaf","values":[335.51371455137144]}
{"type":"leaf","values":[431.18920050230224]}
