{"type":"internal","split":{"type":"continuous","featureIndex":8,"threshold":1.7353628859012782}}
{"type":"internal","split":{"type":"continuous","featureIndex":6,"threshold":1.1811135314847139}}
{"type":"internal","split":{"numCategories":10,"isLeft":false,"featureIndex":4,"categories":[1.0,2.0,5.0,6.0,8.0],"type":"categorical"}}
{"type":"internal","split":{"type":"continuous","featureIndex":9,"threshold":1.6056035956823265}}
{"type":"internal","split":{"type":"continuous","featureIndex":9,"threshold":0.0}}
{"type":"leaf","values":[93.59617588360265]}
{"type":"leaf","values":[85.46083350192191]}
{"type":"internal","split":{"type":"continuous","featureIndex":9,"threshold":2.1408047942431017}}
{"type":"leaf","values":[103.45395683453238]}
{"type":"leaf","values":[119.62762284196548]}
{"type":"internal","split":{"numCategories":3,"isLeft":false,"featureIndex":0,"categories":[0.0],"type":"categorical"}}
{"type":"internal","split":{"type":"continuous","featureIndex":9,"threshold":2.1408047942431017}}
{"type":"leaf","values":[86.78465400567562]}
{"type":"leaf","values":[106.71691038620172]}
{"type":"internal","split":{"numCategories":10,"isLeft":true,"featureIndex":4,"categories":[2.0,8.0],"type":"categorical"}}
{"type":"leaf","values":[129.11760902363676]}
{"type":"leaf","values":[148.52584420675365]}
{"type":"internal","split":{"type":"continuous","featureIndex":5,"threshold":3.1052107177008006}}
{"type":"internal","split":{"type":"continuous","featureIndex":12,"threshold":10.959305553807711}}
{"type":"internal","split":{"type":"continuous","featureIndex":11,"threshold":2.6664949849421054}}
{"type":"leaf","values":[127.98668962628567]}
{"type":"leaf","values":[144.14295067656045]}
{"type":"internal","split":{"type":"continuous","featureIndex":8,"threshold":1.1490916406643599}}
{"type":"leaf","values":[138.42831502620433]}
{"type":"leaf","values":[166.35985439417576]}
{"type":"internal","split":{"type":"continuous","featureIndex":5,"threshold":4.140280956934401}}
{"type":"internal","split":{"type":"continuous","featureIndex":8,"threshold":0.0}}
{"type":"leaf","values":[227.93631329113924]}
{"type":"leaf","values":[175.18713086726765]}
{"type":"internal","split":{"type":"continuous","featureIndex":9,"threshold":0.0}}
{"type":"leaf","values":[295.2326018808777]}
{"type":"leaf","values":[242.05281385281384]}
{"type":"internal","split":{"type":"continuous","featureIndex":11,"threshold":3.0269808910591496}}
{"type":"internal","split":{"type":"continuous","featureIndex":6,"threshold":1.1811135314847139}}
{"type":"internal","split":{"numCategories":3,"isLeft":false,"featureIndex":0,"categories":[0.0],"type":"categorical"}}
{"type":"internal","split":{"type":"continuous","featureIndex":8,"threshold":2.3450849809476733}}
{"type":"leaf","values":[115.38354375272094]}
{"type":"leaf","values":[140.60367454068242]}
{"type":"internal","split":{"type":"continuous","featureIndex":5,"threshold":2.0701404784672004}}
{"type":"leaf","values":[164.87071470075537]}
{"type":"leaf","values":[217.1903864278982]}
{"type":"internal","split":{"type":"continuous","featureIndex":9,"threshold":2.6760059928038773}}
{"type":"internal","split":{"type":"continuous","featureIndex":8,"threshold":2.2981832813287197}}
{"type":"leaf","values":[194.6273317112733]}
{"type":"leaf","values":[246.49634242783708]}
{"type":"internal","split":{"numCategories":7,"isLeft":true,"featureIndex":2,"categories":[1.0,2.0],"type":"categorical"}}
{"type":"leaf","values":[267.60593220338984]}
{"type":"leaf","values":[328.2537993920973]}
{"type":"internal","split":{"type":"continuous","featureIndex":8,"threshold":3.494176621612033}}
{"type":"internal","split":{"type":"continuous","featureIndex":8,"threshold":2.2981832813287197}}
{"type":"internal","split":{"type":"continuous","featureIndex":12,"threshold":10.72612883989691}}
{"type":"leaf","values":[222.07378335949764]}
{"type":"leaf","values":[262.213941253836]}
{"type":"internal","split":{"type":"continuous","featureIndex":7,"threshold":2.0448502691363584}}
{"type":"leaf","values":[294.3434364548495]}
{"type":"leaf","values":[364.9640883977901]}
{"type":"internal","split":{"type":"continuous","featureIndex":5,"threshold":4.140280956934401}}
{"type":"internal","split":{"type":"continuous","featureIndex":5,"threshold":2.0701404784672004}}
{"type":"leaf","values":[289.90465631929044]}
{"type":"leaf","values":[376.69675090252707]}
{"type":"internal","split":{"type":"continuous","featureIndex":6,"threshold":3.5433405944541416}}
{"type":"leaf","values":[427.4682884448306]}
{"type":"leaf","values":[470.28266666666667]}
