{"type":"internal","split":{"type":"continuous","featureIndex":9,"threshold":2.1408047942431017}}
{"type":"internal","split":{"type":"continuous","featureIndex":5,"threshold":3.1052107177008006}}
{"type":"internal","split":{"type":"continuous","featureIndex":7,"threshold":1.6358802153090868}}
{"type":"internal","split":{"type":"continuous","featureIndex":6,"threshold":1.1811135314847139}}
{"type":"internal","split":{"numCategories":3,"isLeft":false,"featureIndex":0,"categories":[0.0],"type":"categorical"}}
{"type":"leaf","values":[80.74320382008447]}
{"type":"leaf","values":[111.10755103389047]}
{"type":"internal","split":{"numCategories":10,"isLeft":false,"featureIndex":4,"categories":[1.0,2.0,6.0,8.0],"type":"categorical"}}
{"type":"leaf","values":[131.57914449553132]}
{"type":"leaf","values":[197.95240105540898]}
{"type":"internal","split":{"type":"continuous","featureIndex":11,"threshold":2.0721060099704904}}
{"type":"internal","split":{"numCategories":10,"isLeft":false,"featureIndex":4,"categories":[1.0,2.0,5.0,6.0],"type":"categorical"}}
{"type":"leaf","values":[118.34799886460404]}
{"type":"leaf","values":[160.84179478012155]}
{"type":"internal","split":{"type":"continuous","featureIndex":6,"threshold":2.3622270629694277}}
{"type":"leaf","values":[187.34521520485134]}
{"type":"leaf","values":[228.51647693229478]}
{"type":"internal","split":{"type":"continuous","featureIndex":7,"threshold":1.6358802153090868}}
{"type":"internal","split":{"type":"continuous","featureIndex":6,"threshold":1.1811135314847139}}
{"type":"internal","split":{"numCategories":3,"isLeft":false,"featureIndex":0,"categories":[0.0],"type":"categorical"}}
{"type":"leaf","values":[83.78057757644395]}
{"type":"leaf","values":[143.51600512163893]}
{"type":"internal","split":{"type":"continuous","featureIndex":8,"threshold":2.2981832813287197}}
{"type":"leaf","values":[196.9032335043551]}
{"type":"leaf","values":[312.0711362920995]}
{"type":"internal","split":{"type":"continuous","featureIndex":11,"threshold":3.0269808910591496}}
{"type":"internal","split":{"type":"continuous","featureIndex":11,"threshold":2.0721060099704904}}
{"type":"leaf","values":[173.33670033670035]}
{"type":"leaf","values":[254.32024977698484]}
{"type":"internal","split":{"type":"continuous","featureIndex":6,"threshold":3.5433405944541416}}
{"type":"leaf","values":[336.8384925975774]}
{"type":"leaf","values":[392.45478306325145]}
{"type":"internal","split":{"type":"continuous","featureIndex":11,"threshold":2.0721060099704904}}
{"type":"internal","split":{"numCategories":3,"isLeft":false,"featureIndex":0,"categories":[0.0],"type":"categorical"}}
{"type":"internal","split":{"type":"continuous","featureIndex":9,"threshold":2.6760059928038773}}
{"type":"internal","split":{"type":"continuous","featureIndex":12,"threshold":10.609540482941508}}
{"type":"leaf","values":[95.5491124260355]}
{"type":"leaf","values":[105.2094861660079]}
{"type":"internal","split":{"numCategories":3,"isLeft":true,"featureIndex":0,"categories":[2.0],"type":"categorical"}}
{"type":"leaf","values":[79.28755364806867]}
{"type":"leaf","values":[118.3225806451613]}
{"type":"internal","split":{"numCategories":10,"isLeft":false,"featureIndex":4,"categories":[1.0,2.0,5.0,6.0],"type":"categorical"}}
{"type":"internal","split":{"numCategories":10,"isLeft":true,"featureIndex":4,"categories":[3.0,4.0,7.0,9.0],"type":"categorical"}}
{"type":"leaf","values":[121.02439024390245]}
{"type":"leaf","values":[145.89063729346972]}
{"type":"internal","split":{"type":"continuous","featureIndex":8,"threshold":2.2981832813287197}}
{"type":"leaf","values":[167.38038916444106]}
{"type":"leaf","values":[217.29767441860466]}
{"type":"internal","split":{"type":"continuous","featureIndex":5,"threshold":3.1052107177008006}}
{"type":"internal","split":{"type":"continuous","featureIndex":11,"threshold":3.0269808910591496}}
{"type":"internal","split":{"type":"continuous","featureIndex":7,"threshold":2.0407605685980856}}
{"type":"leaf","values":[197.22898903775882]}
{"type":"leaf","values":[242.3077790304397]}
{"type":"internal","split":{"type":"continuous","featureIndex":5,"threshold":2.0701404784672004}}
{"type":"leaf","values":[262.5356550580431]}
{"type":"leaf","values":[324.8007662835249]}
{"type":"internal","split":{"type":"continuous","featureIndex":8,"threshold":3.494176621612033}}
{"type":"internal","split":{"type":"continuous","featureIndex":6,"threshold":2.3622270629694277}}
{"type":"leaf","values":[264.765306122449]}
{"type":"leaf","values":[331.0856209150327]}
{"type":"internal","split":{"type":"continuous","featureIndex":11,"threshold":3.1370529234613005}}
{"type":"leaf","values":[401.8934911242604]}
{"type":"leaf","values":[476.34749034749035]}
