{"type":"internal","split":{"type":"continuous","featureIndex":5,"threshold":3.1052107177008006}}
{"type":"internal","split":{"type":"continuous","featureIndex":8,"threshold":1.3836001387591272}}
{"type":"internal","split":{"type":"continuous","featureIndex":6,"threshold":1.1811135314847139}}
{"type":"internal","split":{"type":"continuous","featureIndex":8,"threshold":0.9145831425695925}}
{"type":"internal","split":{"numCategories":10,"isLeft":false,"featureIndex":4,"categories":[1.0,2.0,5.0,6.0,8.0],"type":"categorical"}}
{"type":"leaf","values":[86.4357993279857]}
{"type":"leaf","values":[102.71730255753911]}
{"type":"internal","split":{"numCategories":10,"isLeft":false,"featureIndex":4,"categories":[1.0,2.0,5.0,6.0],"type":"categorical"}}
{"type":"leaf","values":[110.03419674039581]}
{"type":"leaf","values":[125.20664232067801]}
{"type":"internal","split":{"type":"continuous","featureIndex":7,"threshold":1.6358802153090868}}
{"type":"internal","split":{"type":"continuous","featureIndex":8,"threshold":0.0}}
{"type":"leaf","values":[143.05270655270655]}
{"type":"leaf","values":[125.3324151340841]}
{"type":"internal","split":{"type":"continuous","featureIndex":8,"threshold":0.0}}
{"type":"leaf","values":[192.5105078809107]}
{"type":"leaf","values":[152.79620689655172]}
{"type":"internal","split":{"type":"continuous","featureIndex":6,"threshold":1.1811135314847139}}
{"type":"internal","split":{"numCategories":10,"isLeft":false,"featureIndex":4,"categories":[1.0,5.0,6.0],"type":"categorical"}}
{"type":"internal","split":{"numCategories":3,"isLeft":false,"featureIndex":0,"categories":[0.0],"type":"categorical"}}
{"type":"leaf","values":[110.29113924050633]}
{"type":"leaf","values":[146.5165156715998]}
{"type":"internal","split":{"type":"continuous","featureIndex":8,"threshold":1.8760679847581385}}
{"type":"leaf","values":[154.87550689375507]}
{"type":"leaf","values":[185.71330376940134]}
{"type":"internal","split":{"type":"continuous","featureIndex":8,"threshold":2.2981832813287197}}
{"type":"internal","split":{"type":"continuous","featureIndex":9,"threshold":2.1408047942431017}}
{"type":"leaf","values":[174.19915619906033]}
{"type":"leaf","values":[223.31573498964804]}
{"type":"internal","split":{"type":"continuous","featureIndex":8,"threshold":3.494176621612033}}
{"type":"leaf","values":[225.02408637873754]}
{"type":"leaf","values":[278.35620052770446]}
{"type":"internal","split":{"type":"continuous","featureIndex":8,"threshold":2.2981832813287197}}
{"type":"internal","split":{"type":"continuous","featureIndex":6,"threshold":1.1811135314847139}}
{"type":"internal","split":{"type":"continuous","featureIndex":12,"threshold":10.84271719685231}}
{"type":"internal","split":{"type":"continuous","featureIndex":8,"threshold":1.7353628859012782}}
{"type":"leaf","values":[84.46663419386265]}
{"type":"leaf","values":[180.1897810218978]}
{"type":"internal","split":{"type":"continuous","featureIndex":8,"threshold":0.9380339923790693}}
{"type":"leaf","values":[94.51139601139602]}
{"type":"leaf","values":[142.73584905660377]}
{"type":"internal","split":{"type":"continuous","featureIndex":11,"threshold":3.0269808910591496}}
{"type":"internal","split":{"numCategories":10,"isLeft":false,"featureIndex":4,"categories":[1.0,2.0,5.0,6.0,8.0],"type":"categorical"}}
{"type":"leaf","values":[180.75498482878197]}
{"type":"leaf","values":[232.25641858953526]}
{"type":"internal","split":{"type":"continuous","featureIndex":7,"threshold":2.0407605685980856}}
{"type":"leaf","values":[225.12660338635197]}
{"type":"leaf","values":[309.89664218258133]}
{"type":"internal","split":{"type":"continuous","featureIndex":8,"threshold":3.494176621612033}}
{"type":"internal","split":{"type":"continuous","featureIndex":11,"threshold":3.0269808910591496}}
{"type":"internal","split":{"type":"continuous","featureIndex":6,"threshold":1.1811135314847139}}
{"type":"leaf","values":[190.69298245614036]}
{"type":"leaf","values":[261.00848287112564]}
{"type":"internal","split":{"type":"continuous","featureIndex":5,"threshold":4.140280956934401}}
{"type":"leaf","values":[295.5201938610662]}
{"type":"leaf","values":[349.93077407174326]}
{"type":"internal","split":{"type":"continuous","featureIndex":7,"threshold":2.4538203229636304}}
{"type":"internal","split":{"type":"continuous","featureIndex":6,"threshold":2.3622270629694277}}
{"type":"leaf","values":[308.4332619557459]}
{"type":"leaf","values":[408.8224325874928]}
{"type":"internal","split":{"type":"continuous","featureIndex":6,"threshold":2.3622270629694277}}
{"type":"leaf","values":[323.2429022082019]}
{"type":"leaf","values":[459.20151371807003]}
