{"type":"internal","split":{"type":"continuous","featureIndex":11,"threshold":2.0721060099704904}}
{"type":"internal","split":{"numCategories":10,"isLeft":false,"featureIndex":4,"categories":[1.0,2.0,5.0,6.0,8.0],"type":"categorical"}}
{"type":"internal","split":{"numCategories":3,"isLeft":false,"featureIndex":0,"categories":[0.0],"type":"categorical"}}
{"type":"internal","split":{"type":"continuous","featureIndex":8,"threshold":0.9145831425695925}}
{"type":"internal","split":{"type":"continuous","featureIndex":8,"threshold":0.0}}
{"type":"leaf","values":[76.31409869551089]}
{"type":"leaf","values":[72.93172281501019]}
{"type":"internal","split":{"type":"continuous","featureIndex":9,"threshold":1.6056035956823265}}
{"type":"leaf","values":[92.46997178557034]}
{"type":"leaf","values":[105.95272727272727]}
{"type":"internal","split":{"numCategories":10,"isLeft":true,"featureIndex":4,"categories":[4.0],"type":"categorical"}}
{"type":"internal","split":{"type":"continuous","featureIndex":9,"threshold":0.8028017978411632}}
{"type":"leaf","values":[69.31035631035631]}
{"type":"leaf","values":[76.49395770392749]}
{"type":"internal","split":{"type":"continuous","featureIndex":9,"threshold":1.0704023971215508}}
{"type":"leaf","values":[101.43006263048017]}
{"type":"leaf","values":[122.61606170598911]}
{"type":"internal","split":{"type":"continuous","featureIndex":8,"threshold":1.2194441900927901}}
{"type":"internal","split":{"type":"continuous","featureIndex":6,"threshold":0.0}}
{"type":"internal","split":{"numCategories":10,"isLeft":true,"featureIndex":4,"categories":[2.0,5.0,8.0],"type":"categorical"}}
{"type":"leaf","values":[116.59039087947883]}
{"type":"leaf","values":[139.4854213393143]}
{"type":"internal","split":{"numCategories":3,"isLeft":false,"featureIndex":0,"categories":[0.0],"type":"categorical"}}
{"type":"leaf","values":[86.87733262345269]}
{"type":"leaf","values":[140.40597899272825]}
{"type":"internal","split":{"type":"continuous","featureIndex":9,"threshold":2.1408047942431017}}
{"type":"internal","split":{"type":"continuous","featureIndex":12,"threshold":10.84271719685231}}
{"type":"leaf","values":[143.67788525241818]}
{"type":"leaf","values":[160.7303869218763]}
{"type":"internal","split":{"type":"continuous","featureIndex":8,"threshold":1.8760679847581385}}
{"type":"leaf","values":[164.08293677770223]}
{"type":"leaf","values":[199.57514450867052]}
{"type":"internal","split":{"type":"continuous","featureIndex":11,"threshold":3.0269808910591496}}
{"type":"internal","split":{"type":"continuous","featureIndex":8,"threshold":1.7353628859012782}}
{"type":"internal","split":{"type":"continuous","featureIndex":9,"threshold":0.0}}
{"type":"internal","split":{"type":"continuous","featureIndex":5,"threshold":3.1052107177008006}}
{"type":"leaf","values":[145.90218874515583]}
{"type":"leaf","values":[201.2412495295446]}
{"type":"internal","split":{"type":"continuous","featureIndex":9,"threshold":1.2309627566897836}}
{"type":"leaf","values":[115.33527752852198]}
{"type":"leaf","values":[162.85239524285873]}
{"type":"internal","split":{"type":"continuous","featureIndex":8,"threshold":3.494176621612033}}
{"type":"internal","split":{"type":"continuous","featureIndex":9,"threshold":2.1408047942431017}}
{"type":"leaf","values":[211.2592959463578]}
{"type":"leaf","values":[251.46865364850976]}
{"type":"internal","split":{"type":"continuous","featureIndex":5,"threshold":2.0701404784672004}}
{"type":"leaf","values":[253.74846625766872]}
{"type":"leaf","values":[313.7132311186826]}
{"type":"internal","split":{"type":"continuous","featureIndex":8,"threshold":2.2981832813287197}}
{"type":"internal","split":{"type":"continuous","featureIndex":8,"threshold":1.7353628859012782}}
{"type":"internal","split":{"type":"continuous","featureIndex":5,"threshold":3.1052107177008006}}
{"type":"leaf","values":[153.26705577172504]}
{"type":"leaf","values":[230.3155678378734]}
{"type":"internal","split":{"type":"continuous","featureIndex":11,"threshold":3.1370529234613005}}
{"type":"leaf","values":[236.7129740518962]}
{"type":"leaf","values":[271.1575342465753]}
{"type":"internal","split":{"type":"continuous","featureIndex":5,"threshold":4.140280956934401}}
{"type":"internal","split":{"type":"continuous","featureIndex":8,"threshold":3.494176621612033}}
{"type":"leaf","values":[275.73544698544697]}
{"type":"leaf","values":[366.7808270676692]}
{"type":"internal","split":{"numCategories":10,"isLeft":true,"featureIndex":4,"categories":[4.0,7.0,9.0],"type":"categorical"}}
{"type":"leaf","values":[316.02724795640324]}
{"type":"leaf","values":[419.24250888776027]}
