{
  "op": "pipeline",
  "attributes": {
    "nodes": {
      "type": {
        "type": "list",
        "base": "string"
      },
      "value": ["continuous_feature_assembler", "continuous_feature_scaler", "string_indexer_room_type", "string_indexer_host_is_superhost", "string_indexer_cancellation_policy", "string_indexer_instant_bookable", "string_indexer_state", "oh_encoder_room_type_index", "oh_encoder_host_is_superhost_index", "oh_encoder_cancellation_policy_index", "oh_encoder_instant_bookable_index", "oh_encoder_state_index", "feature_assembler_lr", "feature_assembler_rf"]
    }
  }
}