{"type":"internal","split":{"type":"continuous","featureIndex":8,"threshold":1.7353628859012782}}
{"type":"internal","split":{"type":"continuous","featureIndex":11,"threshold":2.0721060099704904}}
{"type":"internal","split":{"type":"continuous","featureIndex":8,"threshold":0.9380339923790693}}
{"type":"internal","split":{"type":"continuous","featureIndex":7,"threshold":1.6358802153090868}}
{"type":"internal","split":{"type":"continuous","featureIndex":8,"threshold":0.7269763440937786}}
{"type":"leaf","values":[89.92938682322244]}
{"type":"leaf","values":[101.82910423274636]}
{"type":"internal","split":{"numCategories":3,"isLeft":true,"featureIndex":0,"categories":[1.0],"type":"categorical"}}
{"type":"leaf","values":[90.69409547738694]}
{"type":"leaf","values":[114.6175405447961]}
{"type":"internal","split":{"numCategories":10,"isLeft":false,"featureIndex":4,"categories":[1.0,5.0,6.0],"type":"categorical"}}
{"type":"internal","split":{"numCategories":3,"isLeft":false,"featureIndex":0,"categories":[0.0],"type":"categorical"}}
{"type":"leaf","values":[100.43356963183169]}
{"type":"leaf","values":[125.18442148392269]}
{"type":"internal","split":{"type":"continuous","featureIndex":7,"threshold":0.8179401076545434}}
{"type":"leaf","values":[132.9796352988154]}
{"type":"leaf","values":[149.355187563366]}
{"type":"internal","split":{"type":"continuous","featureIndex":7,"threshold":1.6358802153090868}}
{"type":"internal","split":{"type":"continuous","featureIndex":5,"threshold":3.1052107177008006}}
{"type":"internal","split":{"type":"continuous","featureIndex":9,"threshold":0.0}}
{"type":"leaf","values":[145.05744625744626]}
{"type":"leaf","values":[123.30813045475425]}
{"type":"internal","split":{"numCategories":10,"isLeft":false,"featureIndex":4,"categories":[1.0,2.0,5.0,6.0,8.0],"type":"categorical"}}
{"type":"leaf","values":[181.23977994075327]}
{"type":"leaf","values":[247.71118593340816]}
{"type":"internal","split":{"type":"continuous","featureIndex":11,"threshold":3.0269808910591496}}
{"type":"internal","split":{"numCategories":10,"isLeft":false,"featureIndex":4,"categories":[1.0,2.0,6.0,8.0],"type":"categorical"}}
{"type":"leaf","values":[171.05914429530202]}
{"type":"leaf","values":[223.62447257383965]}
{"type":"internal","split":{"type":"continuous","featureIndex":8,"threshold":0.0}}
{"type":"leaf","values":[328.14285714285717]}
{"type":"leaf","values":[217.59684065934067]}
{"type":"internal","split":{"type":"continuous","featureIndex":6,"threshold":2.3622270629694277}}
{"type":"internal","split":{"type":"continuous","featureIndex":6,"threshold":1.1811135314847139}}
{"type":"internal","split":{"type":"continuous","featureIndex":7,"threshold":1.6358802153090868}}
{"type":"internal","split":{"numCategories":3,"isLeft":false,"featureIndex":0,"categories":[0.0],"type":"categorical"}}
{"type":"leaf","values":[114.65157116451017]}
{"type":"leaf","values":[164.299915818474]}
{"type":"internal","split":{"type":"continuous","featureIndex":8,"threshold":2.2981832813287197}}
{"type":"leaf","values":[167.87682333873582]}
{"type":"leaf","values":[189.10971392643822]}
{"type":"internal","split":{"type":"continuous","featureIndex":5,"threshold":2.0701404784672004}}
{"type":"internal","split":{"type":"continuous","featureIndex":7,"threshold":1.6358802153090868}}
{"type":"leaf","values":[194.93496770405167]}
{"type":"leaf","values":[227.81301652892563]}
{"type":"internal","split":{"numCategories":10,"isLeft":false,"featureIndex":4,"categories":[1.0,5.0],"type":"categorical"}}
{"type":"leaf","values":[247.57974717590102]}
{"type":"leaf","values":[317.4602929838088]}
{"type":"internal","split":{"type":"continuous","featureIndex":5,"threshold":4.140280956934401}}
{"type":"internal","split":{"type":"continuous","featureIndex":8,"threshold":3.494176621612033}}
{"type":"internal","split":{"type":"continuous","featureIndex":5,"threshold":3.1052107177008006}}
{"type":"leaf","values":[232.65935334872978]}
{"type":"leaf","values":[278.1039565554694]}
{"type":"internal","split":{"numCategories":10,"isLeft":false,"featureIndex":4,"categories":[1.0,2.0,5.0,6.0],"type":"categorical"}}
{"type":"leaf","values":[341.5842013888889]}
{"type":"leaf","values":[385.1758760107817]}
{"type":"internal","split":{"type":"continuous","featureIndex":6,"threshold":3.5433405944541416}}
{"type":"internal","split":{"type":"continuous","featureIndex":9,"threshold":2.6760059928038773}}
{"type":"leaf","values":[358.59852430555554]}
{"type":"leaf","values":[481.0124223602484]}
{"type":"internal","split":{"type":"continuous","featureIndex":5,"threshold":8.280561913868802}}
{"type":"leaf","values":[413.01382077574675]}
{"type":"leaf","values":[544.5844155844156]}
