{"type":"internal","split":{"type":"continuous","featureIndex":8,"threshold":1.7353628859012782}}
{"type":"internal","split":{"type":"continuous","featureIndex":6,"threshold":1.1811135314847139}}
{"type":"internal","split":{"numCategories":3,"isLeft":false,"featureIndex":0,"categories":[0.0],"type":"categorical"}}
{"type":"internal","split":{"type":"continuous","featureIndex":7,"threshold":0.8383886103459071}}
{"type":"internal","split":{"type":"continuous","featureIndex":9,"threshold":1.6056035956823265}}
{"type":"leaf","values":[79.42317147667507]}
{"type":"leaf","values":[96.35196150999259]}
{"type":"internal","split":{"type":"continuous","featureIndex":9,"threshold":2.1408047942431017}}
{"type":"leaf","values":[89.34120629837203]}
{"type":"leaf","values":[112.1917808219178]}
{"type":"internal","split":{"numCategories":7,"isLeft":false,"featureIndex":2,"categories":[0.0,3.0,4.0],"type":"categorical"}}
{"type":"internal","split":{"type":"continuous","featureIndex":12,"threshold":10.84271719685231}}
{"type":"leaf","values":[97.85707754206291]}
{"type":"leaf","values":[111.61391126636724]}
{"type":"internal","split":{"numCategories":10,"isLeft":true,"featureIndex":4,"categories":[0.0,3.0,4.0,9.0],"type":"categorical"}}
{"type":"leaf","values":[104.50715352246505]}
{"type":"leaf","values":[141.84818174769327]}
{"type":"internal","split":{"numCategories":10,"isLeft":false,"featureIndex":4,"categories":[1.0,2.0,5.0,6.0,8.0],"type":"categorical"}}
{"type":"internal","split":{"type":"continuous","featureIndex":11,"threshold":3.0269808910591496}}
{"type":"internal","split":{"type":"continuous","featureIndex":8,"threshold":1.1490916406643599}}
{"type":"leaf","values":[130.32773964730222]}
{"type":"leaf","values":[155.76554782783992]}
{"type":"internal","split":{"type":"continuous","featureIndex":8,"threshold":0.0}}
{"type":"leaf","values":[222.6794028340081]}
{"type":"leaf","values":[164.3869757174393]}
{"type":"internal","split":{"type":"continuous","featureIndex":11,"threshold":2.6664949849421054}}
{"type":"internal","split":{"type":"continuous","featureIndex":5,"threshold":3.1052107177008006}}
{"type":"leaf","values":[178.55938827527612]}
{"type":"leaf","values":[226.49218356026222]}
{"type":"internal","split":{"type":"continuous","featureIndex":8,"threshold":0.0}}
{"type":"leaf","values":[324.307027027027]}
{"type":"leaf","values":[227.76930596285436]}
{"type":"internal","split":{"type":"continuous","featureIndex":11,"threshold":3.0269808910591496}}
{"type":"internal","split":{"type":"continuous","featureIndex":6,"threshold":1.1811135314847139}}
{"type":"internal","split":{"type":"continuous","featureIndex":5,"threshold":2.0701404784672004}}
{"type":"internal","split":{"numCategories":3,"isLeft":false,"featureIndex":0,"categories":[0.0],"type":"categorical"}}
{"type":"leaf","values":[113.38860103626943]}
{"type":"leaf","values":[166.1630601868275]}
{"type":"internal","split":{"type":"continuous","featureIndex":7,"threshold":0.0}}
{"type":"leaf","values":[216.40681818181818]}
{"type":"leaf","values":[184.3008547008547]}
{"type":"internal","split":{"type":"continuous","featureIndex":8,"threshold":3.494176621612033}}
{"type":"internal","split":{"type":"continuous","featureIndex":5,"threshold":2.0701404784672004}}
{"type":"leaf","values":[197.23697734174257]}
{"type":"leaf","values":[239.6406069364162]}
{"type":"internal","split":{"numCategories":10,"isLeft":false,"featureIndex":4,"categories":[1.0,4.0,5.0,6.0],"type":"categorical"}}
{"type":"leaf","values":[273.04075751338]}
{"type":"leaf","values":[340.6760330578512]}
{"type":"internal","split":{"type":"continuous","featureIndex":7,"threshold":2.0407605685980856}}
{"type":"internal","split":{"type":"continuous","featureIndex":8,"threshold":3.494176621612033}}
{"type":"internal","split":{"type":"continuous","featureIndex":5,"threshold":4.140280956934401}}
{"type":"leaf","values":[244.47667031763416]}
{"type":"leaf","values":[319.090405904059]}
{"type":"internal","split":{"type":"continuous","featureIndex":5,"threshold":4.140280956934401}}
{"type":"leaf","values":[352.79236276849645]}
{"type":"leaf","values":[434.72502134927413]}
{"type":"internal","split":{"type":"continuous","featureIndex":5,"threshold":4.140280956934401}}
{"type":"internal","split":{"numCategories":2,"isLeft":false,"featureIndex":1,"categories":[1.0],"type":"categorical"}}
{"type":"leaf","values":[328.0133831310302]}
{"type":"leaf","values":[373.08849557522126]}
{"type":"internal","split":{"type":"continuous","featureIndex":6,"threshold":3.5433405944541416}}
{"type":"leaf","values":[412.1063829787234]}
{"type":"leaf","values":[459.16913123844733]}
