{
  "name": "continuous_feature_assembler",
  "shape": {
    "inputs": [{
      "name": "bathrooms",
      "port": "input0"
    }, {
      "name": "bedrooms",
      "port": "input1"
    }, {
      "name": "security_deposit",
      "port": "input2"
    }, {
      "name": "cleaning_fee",
      "port": "input3"
    }, {
      "name": "extra_people",
      "port": "input4"
    }, {
      "name": "number_of_reviews",
      "port": "input5"
    }, {
      "name": "square_feet",
      "port": "input6"
    }, {
      "name": "review_scores_rating",
      "port": "input7"
    }],
    "outputs": [{
      "name": "unscaled_continuous_features",
      "port": "output"
    }]
  }
}