{"type":"internal","split":{"type":"continuous","featureIndex":8,"threshold":1.7353628859012782}}
{"type":"internal","split":{"numCategories":3,"isLeft":false,"featureIndex":0,"categories":[0.0],"type":"categorical"}}
{"type":"internal","split":{"type":"continuous","featureIndex":8,"threshold":0.7269763440937786}}
{"type":"internal","split":{"numCategories":10,"isLeft":false,"featureIndex":4,"categories":[1.0,2.0,5.0,6.0,8.0],"type":"categorical"}}
{"type":"internal","split":{"type":"continuous","featureIndex":8,"threshold":0.0}}
{"type":"leaf","values":[76.40964533683618]}
{"type":"leaf","values":[72.5651472868217]}
{"type":"internal","split":{"type":"continuous","featureIndex":8,"threshold":0.0}}
{"type":"leaf","values":[88.62773254695814]}
{"type":"leaf","values":[81.34221783481408]}
{"type":"internal","split":{"type":"continuous","featureIndex":8,"threshold":0.9380339923790693}}
{"type":"internal","split":{"type":"continuous","featureIndex":9,"threshold":2.1408047942431017}}
{"type":"leaf","values":[88.1155972122086]}
{"type":"leaf","values":[101.24109589041096]}
{"type":"internal","split":{"numCategories":10,"isLeft":false,"featureIndex":4,"categories":[2.0,5.0,6.0],"type":"categorical"}}
{"type":"leaf","values":[95.0915100185912]}
{"type":"leaf","values":[105.43347473968376]}
{"type":"internal","split":{"type":"continuous","featureIndex":6,"threshold":1.1811135314847139}}
{"type":"internal","split":{"type":"continuous","featureIndex":9,"threshold":1.2844828765458611}}
{"type":"internal","split":{"numCategories":10,"isLeft":false,"featureIndex":4,"categories":[1.0,2.0,5.0,6.0,8.0],"type":"categorical"}}
{"type":"leaf","values":[95.84735206274433]}
{"type":"leaf","values":[137.84049512319322]}
{"type":"internal","split":{"type":"continuous","featureIndex":12,"threshold":11.192482267718514}}
{"type":"leaf","values":[124.42699697649468]}
{"type":"leaf","values":[136.1005907960199]}
{"type":"internal","split":{"numCategories":10,"isLeft":false,"featureIndex":4,"categories":[1.0,2.0,5.0,6.0,8.0],"type":"categorical"}}
{"type":"internal","split":{"type":"continuous","featureIndex":8,"threshold":0.0}}
{"type":"leaf","values":[165.1091148115688]}
{"type":"leaf","values":[138.8508279878687]}
{"type":"internal","split":{"type":"continuous","featureIndex":11,"threshold":2.6664949849421054}}
{"type":"leaf","values":[190.01146846173023]}
{"type":"leaf","values":[270.1925925925926]}
{"type":"internal","split":{"type":"continuous","featureIndex":11,"threshold":3.0269808910591496}}
{"type":"internal","split":{"type":"continuous","featureIndex":8,"threshold":2.2981832813287197}}
{"type":"internal","split":{"numCategories":3,"isLeft":false,"featureIndex":0,"categories":[0.0],"type":"categorical"}}
{"type":"internal","split":{"type":"continuous","featureIndex":5,"threshold":3.1052107177008006}}
{"type":"leaf","values":[109.42399403874813]}
{"type":"leaf","values":[142.94285714285715]}
{"type":"internal","split":{"type":"continuous","featureIndex":5,"threshold":2.0701404784672004}}
{"type":"leaf","values":[166.20585296216987]}
{"type":"leaf","values":[215.6530429594272]}
{"type":"internal","split":{"type":"continuous","featureIndex":11,"threshold":2.0721060099704904}}
{"type":"internal","split":{"type":"continuous","featureIndex":9,"threshold":2.1408047942431017}}
{"type":"leaf","values":[169.99073716711695]}
{"type":"leaf","values":[202.0043541364296]}
{"type":"internal","split":{"numCategories":10,"isLeft":false,"featureIndex":4,"categories":[1.0,2.0,5.0,6.0],"type":"categorical"}}
{"type":"leaf","values":[230.67779486053152]}
{"type":"leaf","values":[260.9618630822132]}
{"type":"internal","split":{"type":"continuous","featureIndex":12,"threshold":11.309070624673916}}
{"type":"internal","split":{"type":"continuous","featureIndex":8,"threshold":3.494176621612033}}
{"type":"internal","split":{"type":"continuous","featureIndex":5,"threshold":4.140280956934401}}
{"type":"leaf","values":[254.4306090106407]}
{"type":"leaf","values":[316.74511223750903]}
{"type":"internal","split":{"type":"continuous","featureIndex":5,"threshold":5.175351196168001}}
{"type":"leaf","values":[361.29223529411763]}
{"type":"leaf","values":[449.8671875]}
{"type":"internal","split":{"type":"continuous","featureIndex":8,"threshold":3.494176621612033}}
{"type":"internal","split":{"type":"continuous","featureIndex":6,"threshold":3.5433405944541416}}
{"type":"leaf","values":[285.34842360549715]}
{"type":"leaf","values":[341.9854897218863]}
{"type":"internal","split":{"type":"continuous","featureIndex":9,"threshold":2.6760059928038773}}
{"type":"leaf","values":[422.5422305179655]}
{"type":"leaf","values":[491.9341317365269]}
