{
  "name": "feature_assembler_lr",
  "shape": {
    "inputs": [{
      "name": "room_type_index_oh",
      "port": "input0"
    }, {
      "name": "host_is_superhost_index_oh",
      "port": "input1"
    }, {
      "name": "cancellation_policy_index_oh",
      "port": "input2"
    }, {
      "name": "instant_bookable_index_oh",
      "port": "input3"
    }, {
      "name": "state_index_oh",
      "port": "input4"
    }, {
      "name": "scaled_continuous_features",
      "port": "input5"
    }],
    "outputs": [{
      "name": "features_lr",
      "port": "output"
    }]
  }
}